file_id,file_name,file_size_mb,case,diagnosis,label,png
749b7b64-3307-4ae7-b8fb-fe4e1cec5283,TCGA-FX-A48G-01Z-00-DX1.21A58F45-F845-47DB-8D67-8B920537E88C.svs,71.611334,TCGA-FX-A48G,"Leiomyosarcoma, NOS",LMS,C:\Users\User\Documents\GitHub\ai-ortho-msk-hackathon-2026\technical\data\overviews\TCGA-FX-A48G_LMS.png
a42231f5-ceb6-4e4d-8545-d2fe1b1ec85b,TCGA-3B-A9HY-01Z-00-DX1.90AFF486-3329-49DD-B7A1-0E8E40174297.svs,81.516968,TCGA-3B-A9HY,"Leiomyosarcoma, NOS",LMS,C:\Users\User\Documents\GitHub\ai-ortho-msk-hackathon-2026\technical\data\overviews\TCGA-3B-A9HY_LMS.png
25098b6a-c943-4ba8-896a-32654770f0e0,TCGA-MB-A5YA-01Z-00-DX1.96B9BF18-C17A-4E75-BAA8-C13F9F63CE0B.svs,95.507354,TCGA-MB-A5YA,"Leiomyosarcoma, NOS",LMS,C:\Users\User\Documents\GitHub\ai-ortho-msk-hackathon-2026\technical\data\overviews\TCGA-MB-A5YA_LMS.png
f88c9683-4158-4435-9f81-f3a5dfdef69d,TCGA-IE-A4EI-01Z-00-DX1.2454ADC5-5E29-4D9A-873D-0136AA2E908A.svs,195.672527,TCGA-IE-A4EI,"Leiomyosarcoma, NOS",LMS,C:\Users\User\Documents\GitHub\ai-ortho-msk-hackathon-2026\technical\data\overviews\TCGA-IE-A4EI_LMS.png
c51cc1e2-49f1-4dc7-b662-326506d14898,TCGA-HS-A5NA-01Z-00-DX1.AF7E1292-ED65-400D-9F6E-B4369B044A6B.svs,249.689554,TCGA-HS-A5NA,"Leiomyosarcoma, NOS",LMS,C:\Users\User\Documents\GitHub\ai-ortho-msk-hackathon-2026\technical\data\overviews\TCGA-HS-A5NA_LMS.png
7af7f956-6332-4dc3-b8d3-0eff81b44be6,TCGA-HS-A5N8-01Z-00-DX1.601413E5-4F0F-4ABD-B307-37A132334F75.svs,256.493026,TCGA-HS-A5N8,"Leiomyosarcoma, NOS",LMS,C:\Users\User\Documents\GitHub\ai-ortho-msk-hackathon-2026\technical\data\overviews\TCGA-HS-A5N8_LMS.png
1fe2cbeb-419f-4907-a302-6c93a15439b0,TCGA-FX-A76Y-01Z-00-DX1.2E4052E3-1022-4DC2-ADBC-B5EE9E8F9301.svs,292.339596,TCGA-FX-A76Y,"Leiomyosarcoma, NOS",LMS,C:\Users\User\Documents\GitHub\ai-ortho-msk-hackathon-2026\technical\data\overviews\TCGA-FX-A76Y_LMS.png
9e240724-33b5-4fac-b7c2-c01e9cb18b7c,TCGA-3B-A9I0-01Z-00-DX1.AE4FDD21-8DB7-4E8B-A6A9-7B4E86E011B0.svs,341.798844,TCGA-3B-A9I0,"Leiomyosarcoma, NOS",LMS,C:\Users\User\Documents\GitHub\ai-ortho-msk-hackathon-2026\technical\data\overviews\TCGA-3B-A9I0_LMS.png
a801c23f-bc04-40dd-b5d1-91cf0e61d05f,TCGA-HS-A5N7-01Z-00-DX1.F5818EA5-366A-4D53-942E-2738C9E64BB1.svs,353.245578,TCGA-HS-A5N7,"Leiomyosarcoma, NOS",LMS,C:\Users\User\Documents\GitHub\ai-ortho-msk-hackathon-2026\technical\data\overviews\TCGA-HS-A5N7_LMS.png
6a93fc21-07e9-4343-8e97-560a9510c3fa,TCGA-X6-A7WD-01Z-00-DX3.2B5318AE-EB78-45F5-B01C-D5540E0A8A44.svs,408.460165,TCGA-X6-A7WD,"Leiomyosarcoma, NOS",LMS,C:\Users\User\Documents\GitHub\ai-ortho-msk-hackathon-2026\technical\data\overviews\TCGA-X6-A7WD_LMS.png
35eb671f-b433-4939-9e64-05440268c4fd,TCGA-IE-A3OV-01Z-00-DX1.19C1F0A8-C1D8-47D8-AC42-31A4F7C5CE17.svs,429.117884,TCGA-IE-A3OV,"Leiomyosarcoma, NOS",LMS,C:\Users\User\Documents\GitHub\ai-ortho-msk-hackathon-2026\technical\data\overviews\TCGA-IE-A3OV_LMS.png
23eb17e2-86ef-4a7e-9d3e-953f6ffae613,TCGA-QQ-A8VF-01Z-00-DX1.708A1A71-F284-4FBE-A2A1-E4037788A9F8.svs,432.183259,TCGA-QQ-A8VF,"Leiomyosarcoma, NOS",LMS,C:\Users\User\Documents\GitHub\ai-ortho-msk-hackathon-2026\technical\data\overviews\TCGA-QQ-A8VF_LMS.png
0e7ee414-1dfc-4064-b62a-0ed369231598,TCGA-3R-A8YX-01Z-00-DX1.C340AFDA-E53B-4EA5-BA65-2F2F6AAA3B21.svs,439.829376,TCGA-3R-A8YX,Dedifferentiated liposarcoma,DDLPS,C:\Users\User\Documents\GitHub\ai-ortho-msk-hackathon-2026\technical\data\overviews\TCGA-3R-A8YX_DDLPS.png
55eccafb-e6b5-4baa-a493-14bf02aca3a6,TCGA-PC-A5DP-01Z-00-DX1.544E39DF-D392-4799-BA95-A61F556446A4.svs,477.778177,TCGA-PC-A5DP,"Leiomyosarcoma, NOS",LMS,C:\Users\User\Documents\GitHub\ai-ortho-msk-hackathon-2026\technical\data\overviews\TCGA-PC-A5DP_LMS.png
e760c8c4-bc94-46f3-ba8f-d1a48639d27d,TCGA-FX-A3RE-01Z-00-DX1.391893BE-03BE-4E52-96E2-1CE259ECB20D.svs,478.219386,TCGA-FX-A3RE,"Leiomyosarcoma, NOS",LMS,C:\Users\User\Documents\GitHub\ai-ortho-msk-hackathon-2026\technical\data\overviews\TCGA-FX-A3RE_LMS.png
dee11d72-e6bb-4f36-b61a-800a032dd170,TCGA-FX-A3NJ-01Z-00-DX1.5564E61C-A2F4-4ECA-8C0D-217112DD4E83.svs,480.57971,TCGA-FX-A3NJ,"Leiomyosarcoma, NOS",LMS,C:\Users\User\Documents\GitHub\ai-ortho-msk-hackathon-2026\technical\data\overviews\TCGA-FX-A3NJ_LMS.png
11bc9426-4e22-478d-af9a-dfcabdd0f8ab,TCGA-3B-A9HV-01Z-00-DX1.965631EF-7EE1-4CE3-AEBE-55C1ABB23E47.svs,488.953004,TCGA-3B-A9HV,"Leiomyosarcoma, NOS",LMS,C:\Users\User\Documents\GitHub\ai-ortho-msk-hackathon-2026\technical\data\overviews\TCGA-3B-A9HV_LMS.png
543e1c89-a892-4ee8-8716-9c94136036a9,TCGA-IS-A3K6-01Z-00-DX1.C3EACA3B-0E4B-4019-BE7C-BD18373EE4F2.svs,491.336222,TCGA-IS-A3K6,"Leiomyosarcoma, NOS",LMS,C:\Users\User\Documents\GitHub\ai-ortho-msk-hackathon-2026\technical\data\overviews\TCGA-IS-A3K6_LMS.png
cd85cfe6-7826-4e69-bb86-5bb6c9d80fc0,TCGA-FX-A3NK-01Z-00-DX1.66390C76-EBAB-4904-8BA7-A0E66228B8A5.svs,530.141298,TCGA-FX-A3NK,Dedifferentiated liposarcoma,DDLPS,C:\Users\User\Documents\GitHub\ai-ortho-msk-hackathon-2026\technical\data\overviews\TCGA-FX-A3NK_DDLPS.png
92c28768-ec42-414f-aa06-33691d6356c6,TCGA-3B-A9I1-01Z-00-DX1.357AC59B-9C5B-4F2C-9B57-970EC639923C.svs,553.059046,TCGA-3B-A9I1,"Leiomyosarcoma, NOS",LMS,C:\Users\User\Documents\GitHub\ai-ortho-msk-hackathon-2026\technical\data\overviews\TCGA-3B-A9I1_LMS.png
9a75ffe6-d8f0-4a5e-9586-fa44a923e9a5,TCGA-3B-A9HR-01Z-00-DX1.8EE6D8FD-6781-439C-941F-6EE58439795A.svs,560.422322,TCGA-3B-A9HR,"Leiomyosarcoma, NOS",LMS,C:\Users\User\Documents\GitHub\ai-ortho-msk-hackathon-2026\technical\data\overviews\TCGA-3B-A9HR_LMS.png
e19f3395-3510-479b-ae76-014d801e17e8,TCGA-3B-A9HO-01Z-00-DX1.92599E15-92BB-4C57-80AB-B5820DE98B7B.svs,600.400894,TCGA-3B-A9HO,Dedifferentiated liposarcoma,DDLPS,C:\Users\User\Documents\GitHub\ai-ortho-msk-hackathon-2026\technical\data\overviews\TCGA-3B-A9HO_DDLPS.png
436caaab-c47c-45d2-82dd-14f82c8fbe96,TCGA-IF-A4AJ-01Z-00-DX2.55531AE5-D929-4405-991C-698CE5C80AF6.svs,615.299251,TCGA-IF-A4AJ,"Leiomyosarcoma, NOS",LMS,C:\Users\User\Documents\GitHub\ai-ortho-msk-hackathon-2026\technical\data\overviews\TCGA-IF-A4AJ_LMS.png
4ec579d9-3fd7-4488-8730-46d9629a0958,TCGA-PC-A5DO-01Z-00-DX1.9C3629E6-12D2-428C-A2BA-B9EB312E82F6.svs,633.979803,TCGA-PC-A5DO,"Leiomyosarcoma, NOS",LMS,C:\Users\User\Documents\GitHub\ai-ortho-msk-hackathon-2026\technical\data\overviews\TCGA-PC-A5DO_LMS.png
ad46e7d0-c9fe-4adc-9684-798a8062e70a,TCGA-DX-A6BF-01Z-00-DX1.65A5BFB0-4D3A-466E-9E7C-B8E4C1E02FF5.svs,634.956717,TCGA-DX-A6BF,Dedifferentiated liposarcoma,DDLPS,C:\Users\User\Documents\GitHub\ai-ortho-msk-hackathon-2026\technical\data\overviews\TCGA-DX-A6BF_DDLPS.png
bb58b004-3461-4e0a-89aa-fdc1962af459,TCGA-PC-A5DN-01Z-00-DX1.0C848DEC-B97E-4962-9C07-FD6F4AC4D3D6.svs,645.064979,TCGA-PC-A5DN,"Leiomyosarcoma, NOS",LMS,C:\Users\User\Documents\GitHub\ai-ortho-msk-hackathon-2026\technical\data\overviews\TCGA-PC-A5DN_LMS.png
d30a1991-a0c1-4def-99ee-aa5d01bc6da4,TCGA-3B-A9HQ-01Z-00-DX1.6B5F22F9-5E76-4852-8F0C-C69F55073DCD.svs,664.426334,TCGA-3B-A9HQ,"Leiomyosarcoma, NOS",LMS,C:\Users\User\Documents\GitHub\ai-ortho-msk-hackathon-2026\technical\data\overviews\TCGA-3B-A9HQ_LMS.png
c8ce5428-5278-484b-ace1-c231f7e1598a,TCGA-IE-A4EK-01Z-00-DX1.BB6574A3-BA72-4B19-A0C2-D8901E595B3C.svs,670.855201,TCGA-IE-A4EK,"Leiomyosarcoma, NOS",LMS,C:\Users\User\Documents\GitHub\ai-ortho-msk-hackathon-2026\technical\data\overviews\TCGA-IE-A4EK_LMS.png
d294a1be-f54c-4eec-85f4-fbf20dd5c696,TCGA-DX-A48L-01Z-00-DX1.656CE0A0-F442-4715-8250-C7B71A73FBCC.svs,700.706883,TCGA-DX-A48L,"Leiomyosarcoma, NOS",LMS,C:\Users\User\Documents\GitHub\ai-ortho-msk-hackathon-2026\technical\data\overviews\TCGA-DX-A48L_LMS.png
c9aa2b52-8ae0-4e43-89be-0b7a01072f93,TCGA-3B-A9HL-01Z-00-DX1.E7B32155-5633-4623-A8F9-D51F0EB4E8EA.svs,701.992664,TCGA-3B-A9HL,Dedifferentiated liposarcoma,DDLPS,C:\Users\User\Documents\GitHub\ai-ortho-msk-hackathon-2026\technical\data\overviews\TCGA-3B-A9HL_DDLPS.png
43ed73a6-2b6e-49ef-9f2c-42fc6ab8467a,TCGA-HB-A5W3-01Z-00-DX1.E8131962-95E9-400B-909D-CD3C2258CC7E.svs,710.4332,TCGA-HB-A5W3,"Leiomyosarcoma, NOS",LMS,C:\Users\User\Documents\GitHub\ai-ortho-msk-hackathon-2026\technical\data\overviews\TCGA-HB-A5W3_LMS.png
d3c9a052-709e-44d2-bc27-56996273cb56,TCGA-IS-A3KA-01Z-00-DX1.471418F9-DCB4-493F-8AE0-F28F4586FA0F.svs,739.427786,TCGA-IS-A3KA,"Leiomyosarcoma, NOS",LMS,C:\Users\User\Documents\GitHub\ai-ortho-msk-hackathon-2026\technical\data\overviews\TCGA-IS-A3KA_LMS.png
5cf68656-2e59-4b61-823b-feee341f4b8e,TCGA-DX-A3UA-01Z-00-DX1.D103D7A3-ABA3-4D3F-BE0D-D3F5B8335798.svs,747.104921,TCGA-DX-A3UA,"Leiomyosarcoma, NOS",LMS,C:\Users\User\Documents\GitHub\ai-ortho-msk-hackathon-2026\technical\data\overviews\TCGA-DX-A3UA_LMS.png
81e781c0-8312-4a2c-bb53-b5d48e15344a,TCGA-IS-A3K7-01Z-00-DX1.E94D7920-91BD-417B-B359-E2B8FFC07D52.svs,752.7818,TCGA-IS-A3K7,"Leiomyosarcoma, NOS",LMS,C:\Users\User\Documents\GitHub\ai-ortho-msk-hackathon-2026\technical\data\overviews\TCGA-IS-A3K7_LMS.png
66aa9052-824c-4123-b6e1-c47e6af17966,TCGA-MO-A47R-01Z-00-DX1.FE880F3A-3E87-4CDE-A31E-FE7D5CA2FA66.svs,759.399222,TCGA-MO-A47R,"Leiomyosarcoma, NOS",LMS,C:\Users\User\Documents\GitHub\ai-ortho-msk-hackathon-2026\technical\data\overviews\TCGA-MO-A47R_LMS.png
9ed41bcd-16c8-449d-afa0-44beefac407e,TCGA-FX-A2QS-01Z-00-DX1.1C5D6E33-BDFD-48A1-9552-0013393F2EAC.svs,849.550386,TCGA-FX-A2QS,Dedifferentiated liposarcoma,DDLPS,C:\Users\User\Documents\GitHub\ai-ortho-msk-hackathon-2026\technical\data\overviews\TCGA-FX-A2QS_DDLPS.png
957cfc23-48ac-4b04-8324-951fbf8e502a,TCGA-DX-A6BG-01Z-00-DX1.64FE42B8-DE0D-4C50-817B-1F0FB159CD2F.svs,862.836985,TCGA-DX-A6BG,Dedifferentiated liposarcoma,DDLPS,C:\Users\User\Documents\GitHub\ai-ortho-msk-hackathon-2026\technical\data\overviews\TCGA-DX-A6BG_DDLPS.png
e0b179e8-65e9-4b3a-be01-4a6ed30fb0b0,TCGA-IF-A3RQ-01Z-00-DX1.674A974D-E775-48C1-B4F1-4671C4D1EF33.svs,888.591543,TCGA-IF-A3RQ,Dedifferentiated liposarcoma,DDLPS,C:\Users\User\Documents\GitHub\ai-ortho-msk-hackathon-2026\technical\data\overviews\TCGA-IF-A3RQ_DDLPS.png
22537e5e-7a7c-40f6-ab89-6f0a15915f33,TCGA-Z4-A9VC-01Z-00-DX1.42D1CACE-2FFB-4CE4-B8D6-8C0D5BC3B3F2.svs,995.258429,TCGA-Z4-A9VC,Dedifferentiated liposarcoma,DDLPS,C:\Users\User\Documents\GitHub\ai-ortho-msk-hackathon-2026\technical\data\overviews\TCGA-Z4-A9VC_DDLPS.png
47b81536-f675-4c03-a0f8-b3b6283d92ce,TCGA-3B-A9HI-01Z-00-DX1.FF553011-934A-4E3E-AA53-B87FC307E095.svs,1013.064826,TCGA-3B-A9HI,Dedifferentiated liposarcoma,DDLPS,C:\Users\User\Documents\GitHub\ai-ortho-msk-hackathon-2026\technical\data\overviews\TCGA-3B-A9HI_DDLPS.png
ac150ad7-b605-40e1-9502-047dac16222e,TCGA-WK-A8XQ-01Z-00-DX2.64263F00-71B0-4099-BF60-DFB5391E05EA.svs,1042.633345,TCGA-WK-A8XQ,Dedifferentiated liposarcoma,DDLPS,C:\Users\User\Documents\GitHub\ai-ortho-msk-hackathon-2026\technical\data\overviews\TCGA-WK-A8XQ_DDLPS.png
4976fce9-a8de-4429-aff7-101e75584e6d,TCGA-DX-A2J0-01Z-00-DX1.D967A85F-4E39-4D18-A548-0767A7A761CE.svs,1044.107223,TCGA-DX-A2J0,Dedifferentiated liposarcoma,DDLPS,C:\Users\User\Documents\GitHub\ai-ortho-msk-hackathon-2026\technical\data\overviews\TCGA-DX-A2J0_DDLPS.png
013b185f-e90d-4c00-9092-7b05b31f6ea0,TCGA-DX-A48N-01Z-00-DX1.BFC9AF5D-3E7E-431E-B6CC-99F98FB4873A.svs,1221.725681,TCGA-DX-A48N,Dedifferentiated liposarcoma,DDLPS,C:\Users\User\Documents\GitHub\ai-ortho-msk-hackathon-2026\technical\data\overviews\TCGA-DX-A48N_DDLPS.png
7b1fb826-fee8-455b-9dc7-4a99629c5c70,TCGA-DX-A6BE-01Z-00-DX1.67FF80A5-340F-4709-8976-A2A1FCF16BA9.svs,1272.596205,TCGA-DX-A6BE,Dedifferentiated liposarcoma,DDLPS,C:\Users\User\Documents\GitHub\ai-ortho-msk-hackathon-2026\technical\data\overviews\TCGA-DX-A6BE_DDLPS.png
abd2903a-539c-484c-ab1c-dc38323033c6,TCGA-DX-A6BH-01Z-00-DX1.354D106A-0029-40F6-B11E-1BBD0389A525.svs,1287.429661,TCGA-DX-A6BH,Dedifferentiated liposarcoma,DDLPS,C:\Users\User\Documents\GitHub\ai-ortho-msk-hackathon-2026\technical\data\overviews\TCGA-DX-A6BH_DDLPS.png
d61b43b5-3783-47a5-bf06-be8d112604e1,TCGA-DX-A1L4-01Z-00-DX1.771F338F-94D2-432F-A35D-6B72852BC245.svs,1318.175711,TCGA-DX-A1L4,Dedifferentiated liposarcoma,DDLPS,C:\Users\User\Documents\GitHub\ai-ortho-msk-hackathon-2026\technical\data\overviews\TCGA-DX-A1L4_DDLPS.png
0cf5877d-9074-4142-949d-ba15b400e2b1,TCGA-DX-A3LS-01Z-00-DX1.32E89F90-9C89-4EBE-9AD3-DF1D2457F6C8.svs,1439.678313,TCGA-DX-A3LS,Dedifferentiated liposarcoma,DDLPS,C:\Users\User\Documents\GitHub\ai-ortho-msk-hackathon-2026\technical\data\overviews\TCGA-DX-A3LS_DDLPS.png
f5406d04-9ebb-43c4-baa2-1c804cb4cfa2,TCGA-DX-AB2F-01Z-00-DX3.E6CC5C3A-C439-48F9-AC5F-F18469220D57.svs,1460.278355,TCGA-DX-AB2F,Dedifferentiated liposarcoma,DDLPS,C:\Users\User\Documents\GitHub\ai-ortho-msk-hackathon-2026\technical\data\overviews\TCGA-DX-AB2F_DDLPS.png
6b1609c7-8f59-4722-9caf-64769cac6902,TCGA-DX-AB2G-01Z-00-DX2.163DEDDF-91EC-43F3-AD0A-BD4F585FAB7A.svs,1591.424743,TCGA-DX-AB2G,Dedifferentiated liposarcoma,DDLPS,C:\Users\User\Documents\GitHub\ai-ortho-msk-hackathon-2026\technical\data\overviews\TCGA-DX-AB2G_DDLPS.png
5198aca6-7d64-4bb4-8c04-a2e09226f16b,TCGA-DX-A7ES-01Z-00-DX1.8218255F-C439-41CB-B25B-F177D19BAF28.svs,1640.102963,TCGA-DX-A7ES,Dedifferentiated liposarcoma,DDLPS,C:\Users\User\Documents\GitHub\ai-ortho-msk-hackathon-2026\technical\data\overviews\TCGA-DX-A7ES_DDLPS.png
0f7c4e33-1c05-44ac-a45e-7a7b19b5fc14,TCGA-DX-A23Y-01Z-00-DX1.1D3F8195-645A-49D4-9044-4261FEFD7EF0.svs,1650.881295,TCGA-DX-A23Y,Dedifferentiated liposarcoma,DDLPS,C:\Users\User\Documents\GitHub\ai-ortho-msk-hackathon-2026\technical\data\overviews\TCGA-DX-A23Y_DDLPS.png
e5bd1849-3ca5-4992-8235-d2bf1dfe64a3,TCGA-DX-A3U6-01Z-00-DX1.ACF0D3DB-CB03-463D-B3BB-3F513A9E60C6.svs,1677.536543,TCGA-DX-A3U6,Dedifferentiated liposarcoma,DDLPS,C:\Users\User\Documents\GitHub\ai-ortho-msk-hackathon-2026\technical\data\overviews\TCGA-DX-A3U6_DDLPS.png
518b67b3-20e3-4efb-8104-c2cda66f3640,TCGA-DX-A1KW-01Z-00-DX1.D3379503-58B8-4D5D-84DD-C1FF5418165E.svs,1702.000359,TCGA-DX-A1KW,Dedifferentiated liposarcoma,DDLPS,C:\Users\User\Documents\GitHub\ai-ortho-msk-hackathon-2026\technical\data\overviews\TCGA-DX-A1KW_DDLPS.png
bac30596-e84e-4373-b584-a440ce08ee13,TCGA-DX-A23V-01Z-00-DX1.E7E5DAB8-EB00-44A2-91F1-2C660F624D1E.svs,1712.503755,TCGA-DX-A23V,Dedifferentiated liposarcoma,DDLPS,C:\Users\User\Documents\GitHub\ai-ortho-msk-hackathon-2026\technical\data\overviews\TCGA-DX-A23V_DDLPS.png
4044abea-0529-41bd-8afb-019c363541b8,TCGA-DX-A1L1-01Z-00-DX1.AF505C16-DC64-4346-A1DF-595A43848832.svs,1746.261985,TCGA-DX-A1L1,Dedifferentiated liposarcoma,DDLPS,C:\Users\User\Documents\GitHub\ai-ortho-msk-hackathon-2026\technical\data\overviews\TCGA-DX-A1L1_DDLPS.png
6ab04a63-1394-45f4-9d6f-aefb78b86ea1,TCGA-DX-A1L3-01Z-00-DX1.E8818734-E8DA-40F7-9E14-5806D4691E96.svs,1765.388393,TCGA-DX-A1L3,Dedifferentiated liposarcoma,DDLPS,C:\Users\User\Documents\GitHub\ai-ortho-msk-hackathon-2026\technical\data\overviews\TCGA-DX-A1L3_DDLPS.png
4c6cbf81-0131-4e72-aa4f-f59578ae3929,TCGA-DX-A3LU-01Z-00-DX1.DFE76532-13E0-4359-BFFD-D3846A326254.svs,1767.416327,TCGA-DX-A3LU,Dedifferentiated liposarcoma,DDLPS,C:\Users\User\Documents\GitHub\ai-ortho-msk-hackathon-2026\technical\data\overviews\TCGA-DX-A3LU_DDLPS.png
555181fc-122a-4dad-805a-544007962afa,TCGA-DX-A3LT-01Z-00-DX1.D4A948E5-6BDC-458B-BB69-ABE5742F148D.svs,1788.567279,TCGA-DX-A3LT,Dedifferentiated liposarcoma,DDLPS,C:\Users\User\Documents\GitHub\ai-ortho-msk-hackathon-2026\technical\data\overviews\TCGA-DX-A3LT_DDLPS.png
8012aa7c-2346-41bd-a149-45ae44c68866,TCGA-DX-A2IZ-01Z-00-DX1.21447C40-8521-4E40-90C6-D1A937B64190.svs,1789.164811,TCGA-DX-A2IZ,Dedifferentiated liposarcoma,DDLPS,C:\Users\User\Documents\GitHub\ai-ortho-msk-hackathon-2026\technical\data\overviews\TCGA-DX-A2IZ_DDLPS.png
f1cc59eb-b036-4404-9878-fa9ca65c550b,TCGA-DX-A240-01Z-00-DX1.84CA11FF-F82D-4D71-8C29-33DB35CCB680.svs,1806.887807,TCGA-DX-A240,Dedifferentiated liposarcoma,DDLPS,C:\Users\User\Documents\GitHub\ai-ortho-msk-hackathon-2026\technical\data\overviews\TCGA-DX-A240_DDLPS.png
