file_id,file_name,file_size_mb,case,diagnosis
6ab04a63-1394-45f4-9d6f-aefb78b86ea1,TCGA-DX-A1L3-01Z-00-DX1.E8818734-E8DA-40F7-9E14-5806D4691E96.svs,1765.388393,TCGA-DX-A1L3,Dedifferentiated liposarcoma
8349fd47-6238-4149-ab4d-c9ffd30fe515,TCGA-WK-A8Y0-01Z-00-DX2.41422B74-E46A-44C5-8A7C-B8C18A4011E2.svs,1582.156143,TCGA-WK-A8Y0,Undifferentiated sarcoma
f04cb7e0-e9ff-47f7-ad55-77b46c454db9,TCGA-WK-A8Y0-01Z-00-DX3.D556EE5C-F0B2-4045-A24F-BBE53786C252.svs,1590.331301,TCGA-WK-A8Y0,Undifferentiated sarcoma
9f71570b-bc5f-43d7-99db-99f0046c52e2,TCGA-DX-A6BG-01Z-00-DX2.34763958-0613-4069-9ACC-13D6633FE415.svs,1749.815721,TCGA-DX-A6BG,Dedifferentiated liposarcoma
c8205c03-b472-4170-81f4-493d085d21d1,TCGA-DX-A8BQ-01Z-00-DX4.4C4B8335-8D2B-4739-8374-E4D3EB36B311.svs,3976.917606,TCGA-DX-A8BQ,Malignant fibrous histiocytoma
12395c02-6084-4530-a30a-d8982ffea978,TCGA-DX-AB2F-01Z-00-DX1.2F9C07B1-77D6-466B-B09E-5FCD01458777.svs,2896.614761,TCGA-DX-AB2F,Dedifferentiated liposarcoma
77d51432-df6f-454a-b858-17fbab30d011,TCGA-DX-A8BQ-01Z-00-DX5.B5A3D233-39B3-47A0-85C0-84B1B9EF415B.svs,3817.251252,TCGA-DX-A8BQ,Malignant fibrous histiocytoma
de953cbb-0204-4e2a-90e4-85d52c05fae8,TCGA-SI-A71O-01Z-00-DX4.C708238B-27A8-4947-ABBA-3566A07830CF.svs,2360.532821,TCGA-SI-A71O,Malignant peripheral nerve sheath tumor
5c609b40-f5bd-4e5a-89a7-c7841904a539,TCGA-SI-A71Q-01Z-00-DX4.D116B540-DDC9-484C-9378-4055F9E9F8E7.svs,1508.653875,TCGA-SI-A71Q,Malignant peripheral nerve sheath tumor
3e87a1f9-ea3a-4821-925d-ad6675f49897,TCGA-SI-A71O-01Z-00-DX1.4788B7B6-0792-4042-88CB-683D238427B8.svs,2286.555259,TCGA-SI-A71O,Malignant peripheral nerve sheath tumor
184e3c8d-fcaf-42ed-9165-74603803f87e,TCGA-X6-A8C7-01Z-00-DX2.5C5871B4-5971-4482-B8ED-642FB3F38B02.svs,1756.349577,TCGA-X6-A8C7,"Synovial sarcoma, biphasic"
143a6673-2f08-425d-87f3-e2e62be6b132,TCGA-DX-AB3B-01Z-00-DX1.454F6EDB-796F-4BB0-A92E-E4F5D592E897.svs,1768.230825,TCGA-DX-AB3B,"Synovial sarcoma, spindle cell"
d6d2c30d-1ba6-4a7a-a382-c264cdc2c7c5,TCGA-SI-A71O-01Z-00-DX5.DAF40BD0-4B92-4201-8B03-B0BFAA14CBBC.svs,2199.866271,TCGA-SI-A71O,Malignant peripheral nerve sheath tumor
b3d0e8e0-43cc-4b40-9e2d-35ef97df06d9,TCGA-DX-A8BJ-01Z-00-DX5.7F2BFAFD-140A-4003-8BFD-DB14B8CA3FBB.svs,2506.525371,TCGA-DX-A8BJ,Malignant fibrous histiocytoma
cbfe0a28-d0be-4005-813a-b141322addfa,TCGA-SI-A71O-01Z-00-DX3.A7AA88F2-8DFC-463A-BF6C-09F477E6AEB4.svs,2320.967035,TCGA-SI-A71O,Malignant peripheral nerve sheath tumor
1796f89d-e464-4c1b-87de-ba6b6b857812,TCGA-X9-A971-01Z-00-DX1.7B775EAC-42E9-4304-8500-C701ABCA96A2.svs,1051.926525,TCGA-X9-A971,"Leiomyosarcoma, NOS"
b46fe1e4-6508-4357-b156-3caf5651ba00,TCGA-QC-A6FX-01Z-00-DX1.361C75FD-85B7-4E61-B615-37CB44AF5187.svs,2443.329528,TCGA-QC-A6FX,Undifferentiated sarcoma
72b0b742-1c3e-4a98-9f6b-5643c3820a14,TCGA-X9-A971-01Z-00-DX2.5F2EEC8A-3F85-4A37-BFBA-6D89F163EAAD.svs,1056.192665,TCGA-X9-A971,"Leiomyosarcoma, NOS"
76c5dfd1-7c88-47ae-b206-180ee410480c,TCGA-X9-A971-01Z-00-DX3.6585968B-6427-486B-A952-A0AF6F494D2E.svs,1042.143965,TCGA-X9-A971,"Leiomyosarcoma, NOS"
f5992591-be64-41b7-a999-bccca2534f2b,TCGA-DX-A6YS-01Z-00-DX5.5A99B0DA-3646-482C-9AB1-2F29A97A0685.svs,2501.476394,TCGA-DX-A6YS,Fibromyxosarcoma
a8de1f3b-d028-44f4-93cb-70fa3ebfe4b0,TCGA-DX-A6B9-01Z-00-DX1.E88A4E0A-69B8-4C63-9604-437324CBFCA4.svs,2224.242745,TCGA-DX-A6B9,"Leiomyosarcoma, NOS"
d34321db-a6d8-4d7b-b931-c81cfb294cb2,TCGA-X9-A971-01Z-00-DX5.FA357DCB-3881-4259-9F87-CB4748C8718C.svs,1189.616915,TCGA-X9-A971,"Leiomyosarcoma, NOS"
b1b1d894-4a99-49ff-9fad-9d4b510ee5c4,TCGA-DX-AB2E-01Z-00-DX5.2D318A41-B65D-4DC3-AE3D-846EED780FBD.svs,1053.912335,TCGA-DX-AB2E,Fibromyxosarcoma
fe27cf98-b5ee-42f0-b37c-83d849abfcdf,TCGA-DX-AB2E-01Z-00-DX4.3FF7EB51-7F18-4329-8CD8-9376C3DEB46A.svs,2760.817797,TCGA-DX-AB2E,Fibromyxosarcoma
d8dd0274-ccf8-4d3c-b09a-8c1d602105b6,TCGA-DX-AB2E-01Z-00-DX1.E066AC63-EB8C-40BC-8D20-98884BE0BDDC.svs,1495.401397,TCGA-DX-AB2E,Fibromyxosarcoma
c9aa2b52-8ae0-4e43-89be-0b7a01072f93,TCGA-3B-A9HL-01Z-00-DX1.E7B32155-5633-4623-A8F9-D51F0EB4E8EA.svs,701.992664,TCGA-3B-A9HL,Dedifferentiated liposarcoma
6971dbdc-914d-4497-afa7-b4504fdc0625,TCGA-X6-A8C4-01Z-00-DX2.BD2D8854-ED89-4B6C-ADC2-93F1804EABA1.svs,2586.011443,TCGA-X6-A8C4,Undifferentiated sarcoma
d0948798-8e92-4c0e-96de-ec592ad35c20,TCGA-DX-A1KY-01Z-00-DX1.0523F0DD-BDCB-479B-836E-CCAB52D051F0.svs,2812.419481,TCGA-DX-A1KY,Dedifferentiated liposarcoma
406a565e-8e41-41e9-a870-f3e26f067842,TCGA-X6-A8C4-01Z-00-DX3.211D82B8-6161-4217-8D55-B039DE9503ED.svs,2693.905849,TCGA-X6-A8C4,Undifferentiated sarcoma
c8fdc61f-cef2-4822-96a2-23b94a2b626e,TCGA-JV-A5VF-01Z-00-DX1.BDFEE5CE-4D51-4B92-99AC-4DB36EF53FA4.svs,808.894411,TCGA-JV-A5VF,"Leiomyosarcoma, NOS"
d137d335-e725-4f4c-9fc7-48d917d936cb,TCGA-X6-A8C4-01Z-00-DX1.52994E02-9351-4C51-A0E6-DC59DA5F64C2.svs,2683.263109,TCGA-X6-A8C4,Undifferentiated sarcoma
fd207839-6cff-4165-8dc7-af4e1013b27f,TCGA-WK-A8Y0-01Z-00-DX1.F69CB510-B0F1-43BF-A394-47DCBF8CB41F.svs,1510.750613,TCGA-WK-A8Y0,Undifferentiated sarcoma
5fe2e2ab-472d-4696-b507-4a28f453cb8f,TCGA-SG-A849-01Z-00-DX1.8A2AC7F5-3B03-402E-84DE-E13F192192D8.svs,324.242668,TCGA-SG-A849,"Transitional cell papilloma, inverted, NOS"
c6886452-ade0-4c95-ba3c-10b2337c61b3,TCGA-DX-AB32-01Z-00-DX2.79E62C3F-DF00-47C9-8C40-F18A6852C649.svs,1581.217827,TCGA-DX-AB32,Fibromyxosarcoma
155afafe-7736-4fd0-81d2-a4ba85f4b134,TCGA-X6-A7W8-01Z-00-DX3.12409E8F-4C9C-4CA9-8CB9-F2A9A86B0505.svs,1987.113091,TCGA-X6-A7W8,Fibromyxosarcoma
65a163ab-ca89-4a09-bdbd-ab126377c120,TCGA-DX-A3U8-01Z-00-DX1.0769D898-1104-4DFC-B271-FF670BECDC49.svs,1827.520069,TCGA-DX-A3U8,"Leiomyosarcoma, NOS"
2e2ed308-3f16-48f9-a1a3-3ee1e42385f5,TCGA-X6-A7W8-01Z-00-DX5.26BA67B0-E160-4C41-AAD1-4230D574086D.svs,2028.923941,TCGA-X6-A7W8,Fibromyxosarcoma
d16b0780-b271-4346-8f9c-8cc47fa2b393,TCGA-DX-A6Z0-01Z-00-DX3.C3451C76-874E-473C-8EB5-70D9B765168F.svs,1047.328299,TCGA-DX-A6Z0,Fibromyxosarcoma
1c250a08-29e3-4b05-8e1a-b570213cb6ea,TCGA-DX-A7EL-01Z-00-DX3.E291A755-B3F6-4E89-84B7-83D264BEA27A.svs,2183.740091,TCGA-DX-A7EL,"Leiomyosarcoma, NOS"
06d32727-e631-4e9b-b931-4df609e811f2,TCGA-KD-A5QT-01Z-00-DX1.6BC4EB64-F17F-4666-A9F4-56C63BA85B8A.svs,1626.084417,TCGA-KD-A5QT,"Leiomyosarcoma, NOS"
6a93fc21-07e9-4343-8e97-560a9510c3fa,TCGA-X6-A7WD-01Z-00-DX3.2B5318AE-EB78-45F5-B01C-D5540E0A8A44.svs,408.460165,TCGA-X6-A7WD,"Leiomyosarcoma, NOS"
1f57cfbb-53d1-4681-b847-69c1f934a1df,TCGA-DX-A8BL-01Z-00-DX5.64C05817-D5D8-49CF-91C0-6930F215B7AC.svs,1791.755153,TCGA-DX-A8BL,Undifferentiated sarcoma
b47114fc-ab9b-492e-b68e-f736960d7e4b,TCGA-DX-A8BL-01Z-00-DX3.3049E293-9505-4B7E-B470-A1B80CACC0F6.svs,1702.905203,TCGA-DX-A8BL,Undifferentiated sarcoma
e5a467b6-2a25-4d23-b57a-81abffe823c4,TCGA-Z4-AAPF-01Z-00-DX1.838DFC1B-D640-462D-8C39-1D575A0910AA.svs,343.292689,TCGA-Z4-AAPF,"Synovial sarcoma, NOS"
49c7f9d3-191d-4c53-9e6e-3bac3d3324ec,TCGA-DX-A6YT-01Z-00-DX3.BAEAE1A7-A2E9-4278-9A22-C41C4136A6CC.svs,1450.955815,TCGA-DX-A6YT,"Basal cell carcinoma, NOS"
e6ff62c5-deab-4e77-92b3-645671696e39,TCGA-HS-A5N9-01Z-00-DX1.FBAA02E4-8132-4D14-B8DF-89D7983270A0.svs,396.255534,TCGA-HS-A5N9,Not Reported
e19f3395-3510-479b-ae76-014d801e17e8,TCGA-3B-A9HO-01Z-00-DX1.92599E15-92BB-4C57-80AB-B5820DE98B7B.svs,600.400894,TCGA-3B-A9HO,Dedifferentiated liposarcoma
56558aa3-c4ef-44d0-95b9-b21baf4c684b,TCGA-HB-A43Z-01Z-00-DX1.98C2BA27-DAD1-4290-B4AC-A2270E829FC1.svs,1778.54777,TCGA-HB-A43Z,"Carcinoma, NOS"
06d37a74-9dcc-478f-9d92-63a8710126b2,TCGA-IF-A4AK-01Z-00-DX2.9842DAFE-4211-491A-9DEE-A03C54409841.svs,1528.312047,TCGA-IF-A4AK,"Leiomyosarcoma, NOS"
b6d04df4-7233-49ea-8cd8-78367e8c525a,TCGA-DX-AB35-01Z-00-DX1.7EC65E28-9582-463F-AD56-985E0826E2CE.svs,987.683097,TCGA-DX-AB35,"Liposarcoma, well differentiated"
1da71326-24f6-4728-b8a9-c97ac84a51be,TCGA-DX-AB35-01Z-00-DX3.B35C6035-4ED2-4E2F-A915-C59E1ACDE65D.svs,2075.413779,TCGA-DX-AB35,"Liposarcoma, well differentiated"
295d9ce2-3d8b-4843-96dc-0c829ca0f628,TCGA-DX-AB2L-01Z-00-DX7.E2453E84-0C56-4CE1-8154-4B624F121B1D.svs,2217.113303,TCGA-DX-AB2L,Fibromyxosarcoma
01f8947c-f589-481e-ab8f-c027c86f6e82,TCGA-DX-AB2L-01Z-00-DX2.CCBC260A-63C1-4FA9-B910-8DBE81C313E1.svs,1255.121043,TCGA-DX-AB2L,Fibromyxosarcoma
e75e0112-1e24-4037-b968-a50cd762f8b2,TCGA-3B-A9HX-01Z-00-DX1.C69540C5-3C64-4346-90E5-D9A3DFF9A6AE.svs,1020.926486,TCGA-3B-A9HX,"Leiomyosarcoma, NOS"
9b9b9cb6-791a-4758-9f01-e9684bbcb7a3,TCGA-DX-AB2L-01Z-00-DXJ.920D693B-8FF9-4784-AA87-4F7D73F651E1.svs,1948.399941,TCGA-DX-AB2L,Fibromyxosarcoma
39ce0ed9-d7a1-476a-b302-667050da23d8,TCGA-DX-AB2L-01Z-00-DXD.40BA6624-AE9D-487A-AC1F-5B1CACC850BA.svs,2001.921521,TCGA-DX-AB2L,Fibromyxosarcoma
c606d9ba-1684-4982-9c91-27a881ebe1dd,TCGA-DX-AB2L-01Z-00-DX5.D894DE38-BA7A-40A0-BD13-D9B694B059FA.svs,1759.005865,TCGA-DX-AB2L,Fibromyxosarcoma
a0d7e44d-7997-4a70-a803-d212c20e4105,TCGA-DX-AB2L-01Z-00-DXS.FCBDC34B-A467-46CC-883C-B19A66C124E9.svs,773.354915,TCGA-DX-AB2L,Fibromyxosarcoma
2ef5b888-1322-4044-80d5-cf4ae1063e49,TCGA-DX-AB2L-01Z-00-DXA.49214666-C714-41B3-B562-A0C5B05AB722.svs,1678.873933,TCGA-DX-AB2L,Fibromyxosarcoma
1035ed43-d307-492b-a1b8-167beeb5b12c,TCGA-DX-AB2L-01Z-00-DXE.0378BFD0-91ED-4EAA-A3AC-64D95FD76F44.svs,1254.005665,TCGA-DX-AB2L,Fibromyxosarcoma
9ed41bcd-16c8-449d-afa0-44beefac407e,TCGA-FX-A2QS-01Z-00-DX1.1C5D6E33-BDFD-48A1-9552-0013393F2EAC.svs,849.550386,TCGA-FX-A2QS,Dedifferentiated liposarcoma
4e21aa38-42cf-46b1-97d1-a29563e9ac09,TCGA-3B-A9HS-01Z-00-DX1.2F4BA308-1AC4-48F2-AC5C-865878912A93.svs,593.589172,TCGA-3B-A9HS,Myxoid leiomyosarcoma
465192a3-71cd-4959-b0b1-ff82d3e4b26b,TCGA-DX-A8BO-01Z-00-DX1.04D36A18-8AA5-4315-8EE6-489CF840E32A.svs,1908.708925,TCGA-DX-A8BO,Undifferentiated sarcoma
a4e33313-42e4-438b-9309-60aaacc38e86,TCGA-DX-AB2J-01Z-00-DX5.9133C8ED-33F2-46B9-B7D6-98EFFB92FDFC.svs,1656.463485,TCGA-DX-AB2J,"Thecoma, NOS"
834a46c5-aec2-4538-9da2-9f78be39ff8a,TCGA-DX-A8BO-01Z-00-DX4.E272D869-CFF8-4291-A45C-EF0DF59DA35D.svs,2188.007315,TCGA-DX-A8BO,Undifferentiated sarcoma
bc3b5048-1894-472d-976e-037feea3c728,TCGA-DX-A6BE-01Z-00-DX2.A799F2A2-3BB8-4CD2-9150-43B6B35474E4.svs,2878.666229,TCGA-DX-A6BE,Dedifferentiated liposarcoma
21aa1854-0f2b-4954-ad87-5b4c7eba42cd,TCGA-WK-A8XZ-01Z-00-DX5.FE850533-E7AB-44B9-8437-53994D623B79.svs,1424.774903,TCGA-WK-A8XZ,"Leiomyosarcoma, NOS"
85c74f79-faa5-4c1f-9f3b-67fcde93dcce,TCGA-WK-A8XZ-01Z-00-DX2.BF6D2747-B4F9-46D8-8E33-382674768591.svs,1395.259179,TCGA-WK-A8XZ,"Leiomyosarcoma, NOS"
0f1e826a-80c7-4090-b94b-56cd76561801,TCGA-DX-AB2Q-01Z-00-DX4.A4D27A00-E306-4991-9776-2794F5C9DAFF.svs,2419.229975,TCGA-DX-AB2Q,Malignant fibrous histiocytoma
10e3e057-4793-464a-b3f4-20fdbdf1d628,TCGA-QQ-A5VC-01Z-00-DX1.39ADCB1D-40E0-4E56-864C-D8F9E5C0753D.svs,1686.660749,TCGA-QQ-A5VC,"Leiomyosarcoma, NOS"
69b56773-7850-4e62-a054-c4e068c94df9,TCGA-DX-AB2Q-01Z-00-DX2.FFB34AE7-35CE-4762-9F2E-A3FA0E68C1F0.svs,2543.388935,TCGA-DX-AB2Q,Malignant fibrous histiocytoma
bbb300b8-dda9-48ff-ba57-ba6a583808c2,TCGA-WK-A8XX-01Z-00-DX2.ADB3C2A1-3C5C-42E8-BE03-CD67A81B363D.svs,1448.746417,TCGA-WK-A8XX,"Leiomyosarcoma, NOS"
1fdc7555-371f-4248-942a-48749bb6e75c,TCGA-WK-A8XX-01Z-00-DX3.EC60C097-1E45-4B82-BB08-6784A740F5C0.svs,1429.987977,TCGA-WK-A8XX,"Leiomyosarcoma, NOS"
24981017-8bfc-41da-a2d5-956d38a826b1,TCGA-WK-A8XX-01Z-00-DX1.F034EFE0-9C81-46FE-9148-E3FBCD629CD4.svs,1425.294707,TCGA-WK-A8XX,"Leiomyosarcoma, NOS"
4a6c95a5-62e2-44de-b6a3-938ef0cb0dc2,TCGA-DX-AB2P-01Z-00-DX5.E6747971-74CF-42E0-87BA-8B6929615425.svs,1989.233653,TCGA-DX-AB2P,Malignant fibrous histiocytoma
ed6b29f2-234b-43f3-b8ad-5c7fb9d6e006,TCGA-HB-A3YV-01Z-00-DX1.47379DF7-1A3B-46B5-AB2E-F7E6516345E9.svs,1544.994207,TCGA-HB-A3YV,Giant cell sarcoma
327b34a5-bca6-42db-b831-d9f38ac481e7,TCGA-DX-A7EQ-01Z-00-DX1.6E243B4A-CE79-4B31-B98B-24B89E7C2FB4.svs,1662.502087,TCGA-DX-A7EQ,"Synovial sarcoma, spindle cell"
8a20a8b1-e185-4c4b-938f-8c74427c3f2e,TCGA-DX-AB2P-01Z-00-DX1.F6BB6ABC-0332-40B7-A821-639CAF8F88AA.svs,1912.935911,TCGA-DX-AB2P,Malignant fibrous histiocytoma
01e9b85a-e6c7-4117-9bfd-86050f5a2ff7,TCGA-IW-A3M4-01Z-00-DX1.03BE04CC-552B-40E8-85DF-BB7F578FFAB9.svs,2303.418723,TCGA-IW-A3M4,"Leiomyosarcoma, NOS"
9ed3145a-892d-43da-8228-c9398514ddcc,TCGA-DX-A6YU-01Z-00-DX3.F41A0254-14E3-4285-AA66-08A6E2D87379.svs,2868.291778,TCGA-DX-A6YU,Fibromyxosarcoma
8bd9035a-d2f1-473f-a314-3ceffa85f2bd,TCGA-DX-A6YU-01Z-00-DX1.D06604E0-97BE-4A8E-8DF6-6DC422567818.svs,2279.715478,TCGA-DX-A6YU,Fibromyxosarcoma
1a4df9e1-64d9-493e-8965-6d90659f95d0,TCGA-DX-AB37-01Z-00-DX2.47D61CC1-F1E9-4423-9F64-6BAE8EC6735A.svs,924.982611,TCGA-DX-AB37,"Liposarcoma, well differentiated"
1016853b-278e-419b-b383-5304832c69d3,TCGA-DX-AB37-01Z-00-DX1.B778136D-9699-48FA-91F2-16BD16569571.svs,1147.917835,TCGA-DX-AB37,"Liposarcoma, well differentiated"
246114b3-379e-4d7e-9ab4-dd1185bce228,TCGA-SI-A71P-01Z-00-DX4.5247C88E-BC43-4E11-88F6-559F6AA7F797.svs,1060.815181,TCGA-SI-A71P,Malignant peripheral nerve sheath tumor
a79891ae-b796-49f3-8d85-95ad3bfc2bb6,TCGA-SI-A71P-01Z-00-DX1.CDF74AE3-7DA8-4467-95AD-072C0279BD4E.svs,1073.413511,TCGA-SI-A71P,Malignant peripheral nerve sheath tumor
4023d2df-da1a-46f5-9c42-40e85eef0e80,TCGA-KF-A41W-01Z-00-DX1.816D2D8E-3AD3-4B62-9306-BE6A150D96C9.svs,603.020651,TCGA-KF-A41W,Not Reported
6eff6ade-008c-4d50-8276-801bc5180444,TCGA-DX-A3U9-01Z-00-DX1.A9CFE75C-55A7-47B0-89FD-8A18CA8F7858.svs,2786.253765,TCGA-DX-A3U9,"Leiomyosarcoma, NOS"
0108d807-5044-4278-8128-6081bca79155,TCGA-DX-A6Z2-01Z-00-DX2.9B89E664-C8DE-48A9-85C6-C12AB2D6B17C.svs,1010.423303,TCGA-DX-A6Z2,"Leiomyosarcoma, NOS"
cf64b394-1824-4c88-9dca-70662fc8d8a9,TCGA-X6-A7WC-01Z-00-DX5.797A61AF-B907-466A-B6E2-0BA414928CFD.svs,2462.118389,TCGA-X6-A7WC,"Leiomyosarcoma, NOS"
5b5c1a70-79e9-4732-b24a-f5df9aceb976,TCGA-DX-A8BG-01Z-00-DX5.83323B32-772F-42DA-B4FE-69FA017B01BF.svs,2114.353799,TCGA-DX-A8BG,Fibromyxosarcoma
85f8b4b3-b5f4-414f-9a62-b803fbcdb6c1,TCGA-QC-A7B5-01Z-00-DX1.8A596BE6-6CDD-45A2-A09A-148A18CFD3B2.svs,1121.518264,TCGA-QC-A7B5,Undifferentiated sarcoma
19aa48dd-6adc-44fd-88e0-37133b3b52a1,TCGA-SI-A71P-01Z-00-DX5.312CA0F7-2AAC-4355-B04B-9632C49A14CD.svs,1076.962687,TCGA-SI-A71P,Malignant peripheral nerve sheath tumor
5b9aaf51-3084-4115-bd51-2c6de44e6475,TCGA-DX-A3LW-01Z-00-DX1.0C50FA3C-7A1E-4D34-BC48-B134C6220356.svs,2487.775883,TCGA-DX-A3LW,Dedifferentiated liposarcoma
c62dbf39-e3a3-4146-9fb1-0df6495fb5da,TCGA-DX-A1KZ-01Z-00-DX1.0F3D83DA-B9C9-4F6F-884B-FF2C949FB0F2.svs,2052.390963,TCGA-DX-A1KZ,Dedifferentiated liposarcoma
4976fce9-a8de-4429-aff7-101e75584e6d,TCGA-DX-A2J0-01Z-00-DX1.D967A85F-4E39-4D18-A548-0767A7A761CE.svs,1044.107223,TCGA-DX-A2J0,Dedifferentiated liposarcoma
1c364a39-2f05-4599-ae9e-791284e16f76,TCGA-3B-A9HZ-01Z-00-DX1.BA2FF808-4959-436B-86C4-9D715EE3671A.svs,765.62411,TCGA-3B-A9HZ,"Leiomyosarcoma, NOS"
2d95bc0d-357a-4f15-a2c1-3482ae06e918,TCGA-LI-A67I-01Z-00-DX8.99C4B5EF-3694-42DF-9C3A-92ACBCB29C87.svs,1048.979001,TCGA-LI-A67I,Malignant fibrous histiocytoma
8667d86f-9ee5-4f10-b9d2-a447c3ff5479,TCGA-LI-A67I-01Z-00-DX4.AD71FC8A-6025-4DC7-87C0-F74DE21B92DF.svs,1394.604401,TCGA-LI-A67I,Malignant fibrous histiocytoma
9085a657-24e8-40a8-95a1-708e4140e5ee,TCGA-X6-A8C5-01Z-00-DX4.3FD9C997-6A99-4734-8C45-7542699F8DC5.svs,2349.238155,TCGA-X6-A8C5,"Leiomyosarcoma, NOS"
e634a535-13d3-4e4e-9cf8-1bd8db9f841e,TCGA-DX-A8BS-01Z-00-DX4.BB4213EB-134C-4FEF-8916-260066077D52.svs,2261.407153,TCGA-DX-A8BS,Undifferentiated sarcoma
d03ab173-3fc7-4292-aea2-aa1a1e4e3f55,TCGA-DX-AB2W-01Z-00-DX3.3389A194-F7D4-4A2A-BD4F-3A76DFB6DF22.svs,2350.604945,TCGA-DX-AB2W,Malignant fibrous histiocytoma
16e0e618-f55d-4abb-8736-5b283937ad0f,TCGA-X6-A8C5-01Z-00-DX5.FFD41FE4-0FB0-4C76-BC30-A07DDE26DDA5.svs,2320.931703,TCGA-X6-A8C5,"Leiomyosarcoma, NOS"
6b1609c7-8f59-4722-9caf-64769cac6902,TCGA-DX-AB2G-01Z-00-DX2.163DEDDF-91EC-43F3-AD0A-BD4F585FAB7A.svs,1591.424743,TCGA-DX-AB2G,Dedifferentiated liposarcoma
5d6e7c56-253d-4012-8f91-7d078310f28e,TCGA-DX-A7ET-01Z-00-DX5.E7B96CE6-3274-4B94-9801-CC62FDD97539.svs,2150.208922,TCGA-DX-A7ET,"Adenocarcinoma, NOS"
614664a1-575c-404d-acfd-32afc97af06f,TCGA-FX-A8OO-01Z-00-DX1.390D79A3-EB73-4762-A444-B5853F45CF76.svs,215.559416,TCGA-FX-A8OO,"Synovial sarcoma, NOS"
1daf3214-af30-48f5-8faa-1868bd953bd7,TCGA-DX-A8BX-01Z-00-DX5.FC00339C-A5E3-491A-AA89-4AB0D1F940B7.svs,1887.701289,TCGA-DX-A8BX,Undifferentiated sarcoma
b165b35e-336c-4782-b6b7-d23ad7669b63,TCGA-DX-A8BN-01Z-00-DX5.F35A5F8C-5730-42CD-9C9F-EF8F94153DD4.svs,2095.291898,TCGA-DX-A8BN,Undifferentiated sarcoma
11bc9426-4e22-478d-af9a-dfcabdd0f8ab,TCGA-3B-A9HV-01Z-00-DX1.965631EF-7EE1-4CE3-AEBE-55C1ABB23E47.svs,488.953004,TCGA-3B-A9HV,"Leiomyosarcoma, NOS"
742956f0-6ba6-4484-b5fe-1f1a83562240,TCGA-DX-A8BU-01Z-00-DX5.31B8BD0E-93C4-4338-9271-B14517D14361.svs,859.692335,TCGA-DX-A8BU,Malignant fibrous histiocytoma
a6480475-c476-495c-a7f5-cd7e338310a2,TCGA-DX-A6BB-01Z-00-DX1.3F018940-82E9-43ED-A943-3A64979DFD93.svs,783.341629,TCGA-DX-A6BB,"Leiomyosarcoma, NOS"
32eb8384-f58f-40d1-9972-fb686f9fd0e0,TCGA-MB-A5Y8-01Z-00-DX1.62427966-EBEF-43A6-80CB-88EF2873E3CD.svs,254.148282,TCGA-MB-A5Y8,Undifferentiated sarcoma
4a53c723-ad85-4571-8e8d-d4b116deef2c,TCGA-DX-A7EN-01Z-00-DX1.52998939-9BD1-426B-8241-9513271452DF.svs,2994.927071,TCGA-DX-A7EN,"Leiomyosarcoma, NOS"
6f5b33d0-9408-45aa-a4e3-64622dd4b4a0,TCGA-DX-AATS-01Z-00-DX4.98B6A966-194D-4D89-A419-62A8F67C948A.svs,1751.002355,TCGA-DX-AATS,"Sarcoma, NOS"
4d42960c-68a7-491e-9b1d-844f43e5d1e1,TCGA-SI-AA8B-01Z-00-DX2.43CCC9FD-615B-4A18-B757-BB19F7716FBE.svs,2057.297355,TCGA-SI-AA8B,Undifferentiated sarcoma
af8514a9-7cf5-415f-8899-47c7d94add86,TCGA-QQ-A8VH-01Z-00-DX1.7DD6E80A-C8BD-4114-84B3-995457D756A8.svs,846.678377,TCGA-QQ-A8VH,Not Reported
07746bc8-16fc-4884-a0fa-14854db1cdf3,TCGA-DX-A8BH-01Z-00-DX4.402F8A31-FD59-45FB-AAE1-37EE585CF00F.svs,3340.537658,TCGA-DX-A8BH,Undifferentiated sarcoma
abf2e691-84d3-450d-a4d9-cae3b6080b2e,TCGA-DX-A48J-01Z-00-DX1.6D99D373-CDE2-4928-BCC9-6A75964D5570.svs,1642.951665,TCGA-DX-A48J,"Leiomyosarcoma, NOS"
53e44eda-93a7-43d8-9976-bf46051189d8,TCGA-DX-A8BR-01Z-00-DX2.5304D281-4602-43C3-B03F-5B42278F54D7.svs,1235.660481,TCGA-DX-A8BR,Malignant fibrous histiocytoma
2fb67aef-f96f-4b1a-af4f-3fbc06ed9f62,TCGA-DX-A8BR-01Z-00-DX1.64DAAFE3-FFAC-46EF-94A7-4DA149BDADED.svs,1478.650439,TCGA-DX-A8BR,Malignant fibrous histiocytoma
dba68a69-b444-49eb-9510-83f1515b4fd1,TCGA-DX-AB36-01Z-00-DX2.B0293A74-52AC-490B-A5F0-CA96F4B36252.svs,1008.618685,TCGA-DX-AB36,"Liposarcoma, well differentiated"
3c24419c-3e13-4366-94dc-a3fc87ef776f,TCGA-PT-A8TR-01Z-00-DX1.F1E63D48-5990-410A-8482-BB04D27FA37A.svs,1020.646573,TCGA-PT-A8TR,Myxoid leiomyosarcoma
d3f70edd-b3cc-4e45-a2fa-85aaabb6923b,TCGA-DX-A6YZ-01Z-00-DX1.7963C2DD-51A8-4786-A70A-3A22B3BB06A7.svs,1596.876087,TCGA-DX-A6YZ,Fibromyxosarcoma
055f1ce3-aa75-4342-9934-ebb4763cfd5c,TCGA-DX-A6YZ-01Z-00-DX5.62FEC976-A4A4-42D5-9E49-AAC2C1ED7E9F.svs,2249.087185,TCGA-DX-A6YZ,Fibromyxosarcoma
5c8244ad-0b77-4507-99b3-090f4914dde0,TCGA-DX-AB36-01Z-00-DX1.83E57948-B439-45B6-ACBF-1CBBCF79EE88.svs,1019.791031,TCGA-DX-AB36,"Liposarcoma, well differentiated"
6182b3a6-ed97-4fb1-a446-ccad8039b028,TCGA-DX-A6YQ-01Z-00-DX2.E6F3F7A4-7B14-4E0A-9518-EAEC705349BE.svs,3662.464724,TCGA-DX-A6YQ,Fibromyxosarcoma
a75488ab-9281-46c3-ac6a-9e9442048037,TCGA-DX-A6YQ-01Z-00-DX5.BFD9D461-0FB2-4C8C-AF23-571E12F8261D.svs,2799.313246,TCGA-DX-A6YQ,Fibromyxosarcoma
c8ce5428-5278-484b-ace1-c231f7e1598a,TCGA-IE-A4EK-01Z-00-DX1.BB6574A3-BA72-4B19-A0C2-D8901E595B3C.svs,670.855201,TCGA-IE-A4EK,"Leiomyosarcoma, NOS"
bfc79980-71c9-4dea-be16-307476d03a80,TCGA-X6-A8C6-01Z-00-DX3.04354C61-B3A0-4937-974E-582C92C5706B.svs,2172.425941,TCGA-X6-A8C6,Fibromyxosarcoma
df23d6a4-e9fc-47b7-826f-436892af2538,TCGA-DX-A6YV-01Z-00-DX1.A2BD539F-5478-4AA5-BB43-87DE59CD9EC1.svs,739.570013,TCGA-DX-A6YV,Fibromyxosarcoma
46055fd8-cb90-461e-967d-74d8b3d30a8a,TCGA-WK-A8XQ-01Z-00-DX1.9567D1AA-A6BE-4642-9E4A-FA10F5CE189B.svs,1060.256165,TCGA-WK-A8XQ,Dedifferentiated liposarcoma
ad5c8030-388e-486e-83cf-2cce9038e839,TCGA-WK-A8XQ-01Z-00-DX4.30293A97-47CC-4EB2-AFDE-458E7FE19759.svs,1059.454037,TCGA-WK-A8XQ,Dedifferentiated liposarcoma
8abf7080-0d42-459d-a3f3-55a8a1f83ad9,TCGA-X6-A7WA-01Z-00-DX4.52076AA1-100A-406A-BB56-36F689DD9530.svs,1875.931751,TCGA-X6-A7WA,"Leiomyosarcoma, NOS"
a198fcea-88d0-468e-aa13-ef2a74df2204,TCGA-X6-A7WA-01Z-00-DX1.0440D717-A81E-4970-94C9-203F883EDF0E.svs,1886.051143,TCGA-X6-A7WA,"Leiomyosarcoma, NOS"
951924a1-4630-4951-84d5-1dbebda8f5d5,TCGA-VT-A80G-01Z-00-DX1.49EC72C6-0398-48E7-B820-9E3205256AC8.svs,1695.936095,TCGA-VT-A80G,Undifferentiated sarcoma
053a8e25-9ade-4cc5-a2e6-dbe6b38a1176,TCGA-DX-A8BK-01Z-00-DX1.561AFD15-8F74-453E-A4BC-D468A112919E.svs,2132.971285,TCGA-DX-A8BK,Undifferentiated sarcoma
32ab1f57-7bd5-4338-820e-94ea1252a0ce,TCGA-DX-A8BK-01Z-00-DX3.AF273EFF-9252-4F7D-82CF-B8F36DF6B40C.svs,1690.576537,TCGA-DX-A8BK,Undifferentiated sarcoma
365d282d-9a30-4a60-9202-25e1bf3f5042,TCGA-DX-AB30-01Z-00-DX4.A42724BE-DC42-43E6-9111-E1D0DCCE7B68.svs,1529.123589,TCGA-DX-AB30,Fibromyxosarcoma
3b605e58-91d7-49e0-aea4-e253c49c1120,TCGA-X6-A8C2-01Z-00-DX3.E19DC5F2-4FCF-4E3D-B248-2BF434BE8A0B.svs,1858.727951,TCGA-X6-A8C2,Undifferentiated sarcoma
31056557-e15d-400c-92a0-2b6bde13937b,TCGA-X6-A7WB-01Z-00-DX5.5AEA89B6-4B35-4241-ABDD-0176ADBC88E2.svs,1661.784323,TCGA-X6-A7WB,"Leiomyosarcoma, NOS"
a8900d90-ec4f-470c-b338-3a1b8ee22e58,TCGA-X9-A973-01Z-00-DX5.D6A52779-A0A4-4119-9AB4-1A7A6BD98337.svs,2347.740561,TCGA-X9-A973,Undifferentiated sarcoma
8fe4c15c-1db1-4e9a-9694-e173d9fe85df,TCGA-X6-A7WB-01Z-00-DX1.C485965F-F578-4B37-BA6F-B0C26C7AB57D.svs,1579.786307,TCGA-X6-A7WB,"Leiomyosarcoma, NOS"
9191a35e-0e18-4f54-816a-c33947c01e43,TCGA-X9-A973-01Z-00-DX4.FE330AB1-D826-42C7-BB49-49EEA7D6B744.svs,2243.636639,TCGA-X9-A973,Undifferentiated sarcoma
53b7a3f3-9357-46cd-9a85-f4e84cd49c08,TCGA-DX-A7EF-01Z-00-DX1.7B1422D5-DD3F-4F3E-8549-3A32B4E2DCF5.svs,1202.133601,TCGA-DX-A7EF,Undifferentiated sarcoma
77230f48-86da-4f4d-9f8f-9c0357267b4f,TCGA-DX-A8BM-01Z-00-DX4.35C615EA-AC31-40DD-8436-3C44AD614A3D.svs,1544.414277,TCGA-DX-A8BM,Undifferentiated sarcoma
dd1d2c0e-a047-404c-b1d3-84a9e7292a81,TCGA-MB-A8JL-01Z-00-DX1.A7FD03DB-B28C-4C72-A9E2-C4B78F766A92.svs,777.043189,TCGA-MB-A8JL,"Leiomyosarcoma, NOS"
7058be6d-93f2-4717-bbb6-66156e152c79,TCGA-N1-A6IA-01Z-00-DX4.F8F9CB1E-AD81-40E9-8454-63D068C01DDC.svs,1775.966967,TCGA-N1-A6IA,"Leiomyosarcoma, NOS"
db1766f1-8ca2-4221-87fc-0c830c959870,TCGA-DX-AB2X-01Z-00-DX5.59F9A493-570D-41A9-BFB0-ADB77207102B.svs,1631.404413,TCGA-DX-AB2X,Undifferentiated sarcoma
c6594c74-62cb-4919-91f4-4288b8888685,TCGA-DX-AB2F-01Z-00-DX2.860CF225-64CE-42E2-A6FF-E405E44D0439.svs,2862.406587,TCGA-DX-AB2F,Dedifferentiated liposarcoma
02f43115-8d9f-4822-b1be-f4134754dc5c,TCGA-X6-A8C7-01Z-00-DX4.27F0887E-9C33-42F4-A89A-2499AD17B50A.svs,1830.475717,TCGA-X6-A8C7,"Synovial sarcoma, biphasic"
4167c80e-3b0e-4fc7-8ce4-919b85ad965c,TCGA-DX-AB2X-01Z-00-DX4.1A2DCA7D-EC09-4A8A-8EF0-6BBC20E22DBA.svs,2300.611421,TCGA-DX-AB2X,Undifferentiated sarcoma
255bbf76-551c-43b0-b6c2-d37e8acf841c,TCGA-SI-AA8C-01Z-00-DX4.B7FF9BA7-E348-4139-9B04-5536D986EA39.svs,1174.980037,TCGA-SI-AA8C,Malignant peripheral nerve sheath tumor
0db03eaf-bc90-4d9a-bcc9-4bbb199201b6,TCGA-X6-A8C7-01Z-00-DX3.648C15D4-A592-4C94-BC38-6B681B3DBBFB.svs,1726.858023,TCGA-X6-A8C7,"Synovial sarcoma, biphasic"
2b1b48b8-c953-4693-87a1-ec4be1668f4b,TCGA-DX-A6YS-01Z-00-DX1.E8F7FDA3-6941-47AE-A1A8-C03932980820.svs,2307.596726,TCGA-DX-A6YS,Fibromyxosarcoma
9cf5cb1c-07a9-41d6-aa9a-9f4cbbf1a49b,TCGA-WK-A8XS-01Z-00-DX2.0A71C2EA-6B87-487A-AD45-ED655ABA5BAC.svs,989.410769,TCGA-WK-A8XS,"Leiomyosarcoma, NOS"
2fc73c68-2dc4-40c2-8e86-51a6ada39f85,TCGA-DX-A7EM-01Z-00-DX2.AFFAEDF7-97F4-40FB-9983-707CD0CB0BB4.svs,1317.190883,TCGA-DX-A7EM,"Leiomyosarcoma, NOS"
df8bb812-b114-48c0-82b9-71deea397bde,TCGA-DX-AB2E-01Z-00-DX3.2052223A-A6C2-4548-BC57-BD0940F71722.svs,3087.340115,TCGA-DX-AB2E,Fibromyxosarcoma
4479ef35-4a3f-4aaa-9892-5dfe5c7d32ad,TCGA-DX-AB2E-01Z-00-DX2.B73655DF-87EF-4783-84E7-FAA4839E608D.svs,2929.874821,TCGA-DX-AB2E,Fibromyxosarcoma
ae25004b-7044-48a5-ae5c-06240e3689a6,TCGA-3B-A9I3-01Z-00-DX1.E8CF9859-1D27-40D3-9570-D12DC8DF37B1.svs,941.778456,TCGA-3B-A9I3,Not Reported
f81b5f6d-d45e-48d8-916c-f659443bf06e,TCGA-JV-A75J-01Z-00-DX1.BB3C4213-8971-4F8B-8219-BAE087E72050.svs,2371.897561,TCGA-JV-A75J,"Leiomyosarcoma, NOS"
43ed73a6-2b6e-49ef-9f2c-42fc6ab8467a,TCGA-HB-A5W3-01Z-00-DX1.E8131962-95E9-400B-909D-CD3C2258CC7E.svs,710.4332,TCGA-HB-A5W3,"Leiomyosarcoma, NOS"
4aa6e4b2-6783-4c2f-acd2-31caf0fa9a7c,TCGA-DX-A7ES-01Z-00-DX2.9032C642-D318-433A-8846-B13596413B59.svs,2051.625607,TCGA-DX-A7ES,Dedifferentiated liposarcoma
04b966c7-be37-4692-9393-374a19fcd13d,TCGA-DX-AB32-01Z-00-DX3.94864C2E-6769-4D41-8BBE-770B3FB18A03.svs,1490.181451,TCGA-DX-AB32,Fibromyxosarcoma
af1bb0fe-0120-4c03-bb75-93d9ce557e02,TCGA-DX-A23R-01Z-00-DX1.4019729D-79B3-4B0E-8C5B-02938F5C61D2.svs,2038.606541,TCGA-DX-A23R,Dedifferentiated liposarcoma
351ab959-af2c-4afe-b9eb-bcbcf6884196,TCGA-SI-A71Q-01Z-00-DX3.746B592F-98CD-41CA-837E-E4E0B12F4020.svs,1432.214069,TCGA-SI-A71Q,Malignant peripheral nerve sheath tumor
a4131ee8-e5ce-435d-9470-85264a1a67c3,TCGA-X6-A7W8-01Z-00-DX1.DE4BB418-DA82-4C8E-9EE6-09B11218A0D4.svs,1925.757603,TCGA-X6-A7W8,Fibromyxosarcoma
9a75ffe6-d8f0-4a5e-9586-fa44a923e9a5,TCGA-3B-A9HR-01Z-00-DX1.8EE6D8FD-6781-439C-941F-6EE58439795A.svs,560.422322,TCGA-3B-A9HR,"Leiomyosarcoma, NOS"
693f08b6-64da-4709-9de3-05323df5f7b3,TCGA-DX-A6YX-01Z-00-DX3.88F898BE-E478-466F-A532-5256601D3E0F.svs,1746.275855,TCGA-DX-A6YX,Fibromyxosarcoma
dacad7fb-6563-444a-9eba-cfa188e04505,TCGA-DX-A6Z0-01Z-00-DX4.5866B1DF-1C9F-45E2-8F75-9AC6625416F1.svs,1063.008527,TCGA-DX-A6Z0,Fibromyxosarcoma
b2a3a184-681d-43ea-9d6a-58ba93c19f31,TCGA-DX-A7EU-01Z-00-DX4.D41CC250-97D7-45F1-8A6E-A3815B0A7C20.svs,2701.029564,TCGA-DX-A7EU,"Adenocarcinoma, NOS"
555181fc-122a-4dad-805a-544007962afa,TCGA-DX-A3LT-01Z-00-DX1.D4A948E5-6BDC-458B-BB69-ABE5742F148D.svs,1788.567279,TCGA-DX-A3LT,Dedifferentiated liposarcoma
c5f3c19a-bfc7-44af-bdf6-1cb540be4d18,TCGA-K1-A3PO-01Z-00-DX1.2DFAD3A1-82BE-47FE-A4F0-03D25345CBD7.svs,1952.356037,TCGA-K1-A3PO,"Leiomyosarcoma, NOS"
6a47e209-681e-4fc4-920c-86766f0741af,TCGA-IF-A4AK-01Z-00-DX1.A39253B8-4899-4360-BFF2-3538AEF7A970.svs,1051.930641,TCGA-IF-A4AK,"Leiomyosarcoma, NOS"
55eccafb-e6b5-4baa-a493-14bf02aca3a6,TCGA-PC-A5DP-01Z-00-DX1.544E39DF-D392-4799-BA95-A61F556446A4.svs,477.778177,TCGA-PC-A5DP,"Leiomyosarcoma, NOS"
96f47db3-32fd-48f3-a5ff-8b7e8899ef84,TCGA-DX-AB2L-01Z-00-DXK.0729AB89-F7CF-4DDB-9735-87D2402DE5B5.svs,1551.765067,TCGA-DX-AB2L,Fibromyxosarcoma
5b2be1a2-16db-48fc-89f5-3d748047d107,TCGA-DX-AB2L-01Z-00-DX6.9984FD31-E82E-44E7-9269-B6B90698B510.svs,929.751757,TCGA-DX-AB2L,Fibromyxosarcoma
0214898e-4684-40e6-81e6-fbe4f5f840f9,TCGA-DX-AB2L-01Z-00-DX8.E526559B-1371-43C7-879D-AA7C4C4617D4.svs,1595.486299,TCGA-DX-AB2L,Fibromyxosarcoma
38b0209a-6a93-488f-8ed1-8c2d5ad913a1,TCGA-QQ-A8VG-01Z-00-DX1.A9A10DBA-09AE-4C1A-A126-2180536400ED.svs,2074.002547,TCGA-QQ-A8VG,Malignant peripheral nerve sheath tumor
21e04d90-9ad1-4da4-b5b9-0fae470a03c1,TCGA-DX-AB2L-01Z-00-DXP.40980D79-8F3A-4CF2-91AF-04C997B00EAB.svs,1799.327835,TCGA-DX-AB2L,Fibromyxosarcoma
3fb9c2a1-7d45-4b1d-aee3-15aa22266c8f,TCGA-DX-AB2L-01Z-00-DXF.5E7E9BE1-82A8-470D-B248-45FB9BC18910.svs,1669.037465,TCGA-DX-AB2L,Fibromyxosarcoma
fb95f901-b54b-4467-a231-c2d785357adc,TCGA-DX-AB2L-01Z-00-DX9.B00068FB-ABE2-417F-86E6-C777438CEBDB.svs,1782.050771,TCGA-DX-AB2L,Fibromyxosarcoma
89c7716d-7d05-443a-b17b-4c1412f4f6d5,TCGA-DX-AB2L-01Z-00-DX1.16D09769-51B2-4BBC-9DBA-50709A78F2C1.svs,948.461465,TCGA-DX-AB2L,Fibromyxosarcoma
53398460-2a94-4134-be74-c4090f6df9d7,TCGA-DX-A8BO-01Z-00-DX3.F6A0F1D4-F5B9-4DBC-900A-438928B4C7C8.svs,2597.162419,TCGA-DX-A8BO,Undifferentiated sarcoma
40a68b90-ab90-442a-be4a-ce901036114e,TCGA-DX-AB2J-01Z-00-DX2.A1A17D92-DA2D-447D-965C-3E4EC153B2D4.svs,1732.545531,TCGA-DX-AB2J,"Thecoma, NOS"
9b684603-4053-4733-8ce6-436028b232fc,TCGA-DX-AB2J-01Z-00-DX3.ACDEDA21-FD61-4F11-9F6B-05CF8BB06CA5.svs,1264.539787,TCGA-DX-AB2J,"Thecoma, NOS"
16d245c0-dd1d-4d99-bebd-785fbd2de275,TCGA-WK-A8XZ-01Z-00-DX4.472375D2-0ABA-4D2E-91E0-5F439495A08D.svs,1382.176123,TCGA-WK-A8XZ,"Leiomyosarcoma, NOS"
c95dcaa5-d6d2-4bf5-a6be-b88a8916ed01,TCGA-WK-A8XZ-01Z-00-DX1.21F53FF5-DAB8-4E59-91E4-97CBA5475A6A.svs,1431.595595,TCGA-WK-A8XZ,"Leiomyosarcoma, NOS"
7b1fb826-fee8-455b-9dc7-4a99629c5c70,TCGA-DX-A6BE-01Z-00-DX1.67FF80A5-340F-4709-8976-A2A1FCF16BA9.svs,1272.596205,TCGA-DX-A6BE,Dedifferentiated liposarcoma
237a207f-d566-4850-9ef3-e87760ab8419,TCGA-WK-A8XY-01Z-00-DX5.718C1119-03BC-49CA-85C6-0F0CB2E70DC1.svs,1608.342667,TCGA-WK-A8XY,"Leiomyosarcoma, NOS"
b6ca1565-afe9-468f-9ea0-d563ca0cb829,TCGA-3B-A9HJ-01Z-00-DX1.69A75A26-AE30-45BC-AD0E-35CEB9377DD0.svs,1167.29203,TCGA-3B-A9HJ,"Malignant lymphoma, small B lymphocytic, NOS"
44fff96e-2d34-4548-bb81-519ec8347778,TCGA-DX-AB2V-01Z-00-DX4.F37742FF-5ACD-4A37-ACBE-8F11914DC5D8.svs,1865.623467,TCGA-DX-AB2V,Fibromyxosarcoma
c5b4f977-1574-42ec-b411-d5b158465ca4,TCGA-DX-A8BV-01Z-00-DX5.889CD472-7BE4-45CD-9BB0-5EF35DE0A7D6.svs,1184.420499,TCGA-DX-A8BV,Fibromyxosarcoma
b379b71b-a53e-4c12-8bc7-c0427d1d656e,TCGA-DX-A8BV-01Z-00-DX3.26CD470D-3903-4C32-8F52-0D3F62E80FBF.svs,1248.509269,TCGA-DX-A8BV,Fibromyxosarcoma
4ab57f9d-a20d-4281-ba33-03116973a3b4,TCGA-DX-AB2P-01Z-00-DX2.8F05B06F-5844-4082-AA6A-2FEDA7957F79.svs,1938.622059,TCGA-DX-AB2P,Malignant fibrous histiocytoma
471b692b-beaf-40ae-a1ff-8691f529a790,TCGA-DX-A6YU-01Z-00-DX5.B58EAC9E-58FD-4A2C-838B-C95905D554BC.svs,2740.656222,TCGA-DX-A6YU,Fibromyxosarcoma
749b7b64-3307-4ae7-b8fb-fe4e1cec5283,TCGA-FX-A48G-01Z-00-DX1.21A58F45-F845-47DB-8D67-8B920537E88C.svs,71.611334,TCGA-FX-A48G,"Leiomyosarcoma, NOS"
f19dec13-adac-4c82-bb8e-1d5de639cbf0,TCGA-X6-A7WC-01Z-00-DX2.3CDB7B6B-77F3-47CF-9AB4-374F3FD989DB.svs,2448.902849,TCGA-X6-A7WC,"Leiomyosarcoma, NOS"
0d3c20f2-2062-4223-aa74-210b3c9dfe26,TCGA-DX-A6YR-01Z-00-DX2.0A773B32-C9E8-4D8C-AC75-0F51AD418E5F.svs,3230.311746,TCGA-DX-A6YR,Fibromyxosarcoma
117f9342-62f2-42d1-95dc-71e56abbc24d,TCGA-IS-A3K8-01Z-00-DX1.79395F08-C68C-49F9-A5F6-1693640A18E3.svs,609.503274,TCGA-IS-A3K8,"Melanoma, NOS"
b7f52a08-bd7c-48ad-a078-889ea892ca25,TCGA-IE-A4EH-01Z-00-DX1.9E4A4306-89E8-4914-9E29-85FACCC19E2A.svs,777.447777,TCGA-IE-A4EH,"Squamous cell carcinoma, NOS"
43f5f2db-80a6-4fc1-a3a1-935fc53cded2,TCGA-DX-A7EI-01Z-00-DX1.75E3E0DF-9291-4830-A926-EB1EA7327916.svs,2235.139909,TCGA-DX-A7EI,Dedifferentiated liposarcoma
35eb671f-b433-4939-9e64-05440268c4fd,TCGA-IE-A3OV-01Z-00-DX1.19C1F0A8-C1D8-47D8-AC42-31A4F7C5CE17.svs,429.117884,TCGA-IE-A3OV,"Leiomyosarcoma, NOS"
f582eade-8113-4a88-997f-6611d60b5654,TCGA-DX-A7EI-01Z-00-DX3.D0068AA2-E10C-4C92-8836-F84F395AD744.svs,2688.243371,TCGA-DX-A7EI,Dedifferentiated liposarcoma
6b25710c-9a5c-4d2a-85a9-e006c8431d4a,TCGA-DX-A6BH-01Z-00-DX2.8BF0E385-0450-4D17-B5EC-EE499DA5499C.svs,2687.948843,TCGA-DX-A6BH,Dedifferentiated liposarcoma
88f3b58c-ed88-4248-b201-bd6fc89d7dab,TCGA-DX-AB2W-01Z-00-DX5.9B8E87A3-0832-43D3-94D1-BEB58920BB64.svs,2148.434679,TCGA-DX-AB2W,Malignant fibrous histiocytoma
ecaaced9-7752-45e2-b6a9-f48fe5616550,TCGA-DX-A8BS-01Z-00-DX1.FB7973F5-BEDC-425C-A40D-B948D2A35009.svs,2719.038461,TCGA-DX-A8BS,Undifferentiated sarcoma
f514d2bc-3d41-4a44-b5e2-4d6743f5dec1,TCGA-X6-A8C5-01Z-00-DX1.73A190A3-EC24-4CCE-AD22-7444DDE23CFD.svs,2302.538279,TCGA-X6-A8C5,"Leiomyosarcoma, NOS"
1707ffbd-2f57-4ae3-a5d6-bcc85540ee9e,TCGA-DX-AB2W-01Z-00-DX1.068568E7-B9D3-4690-989B-AF7A116AFF91.svs,1845.609577,TCGA-DX-AB2W,Malignant fibrous histiocytoma
990b7e14-b60d-4fc8-92ee-f852fcfd5d12,TCGA-WK-A8XT-01Z-00-DX2.A636FC47-4502-42CB-AA7B-123A15C4DC9B.svs,1072.393203,TCGA-WK-A8XT,"Synovial sarcoma, spindle cell"
e5659a71-6088-4aad-b97a-d3db0a4e5fa3,TCGA-WK-A8XT-01Z-00-DX4.039EE11A-1347-4325-8649-C4B12237CB94.svs,1097.268081,TCGA-WK-A8XT,"Synovial sarcoma, spindle cell"
c9645555-da68-4703-98c5-43c1b2bb4a30,TCGA-DX-A7ET-01Z-00-DX3.343C823D-0D67-4E32-A8C9-F705ED1C11AB.svs,3190.376804,TCGA-DX-A7ET,"Adenocarcinoma, NOS"
47bc7535-0123-4883-8373-593448816b5a,TCGA-DX-A8BG-01Z-00-DX3.D15F419C-D80A-4F95-985F-F7EDA80F1072.svs,1965.763383,TCGA-DX-A8BG,Fibromyxosarcoma
8f5462f0-aa93-47b4-9caf-621bd2d92277,TCGA-DX-A8BN-01Z-00-DX4.A6D0025F-4282-492A-ACA2-DE1AD9134F0B.svs,2020.97015,TCGA-DX-A8BN,Undifferentiated sarcoma
0a8c006b-a2a7-41d3-9e39-14454d24bb7c,TCGA-DX-A23Z-01Z-00-DX1.BA0DD1F3-2339-499D-B686-5531CA73E462.svs,1964.928057,TCGA-DX-A23Z,Dedifferentiated liposarcoma
9edaaa7e-bed7-4d67-b4c1-755c7476ff9f,TCGA-VT-AB3D-01Z-00-DX1.49A2CC7B-E735-4C70-862F-5C8BDCD0BB38.svs,1388.375389,TCGA-VT-AB3D,Undifferentiated sarcoma
1fe2cbeb-419f-4907-a302-6c93a15439b0,TCGA-FX-A76Y-01Z-00-DX1.2E4052E3-1022-4DC2-ADBC-B5EE9E8F9301.svs,292.339596,TCGA-FX-A76Y,"Leiomyosarcoma, NOS"
f1cc59eb-b036-4404-9878-fa9ca65c550b,TCGA-DX-A240-01Z-00-DX1.84CA11FF-F82D-4D71-8C29-33DB35CCB680.svs,1806.887807,TCGA-DX-A240,Dedifferentiated liposarcoma
3f2ca60d-7302-4de1-bd06-43f34fc8c974,TCGA-DX-A8BU-01Z-00-DX2.C52662FF-6045-42CD-B973-BB8B54B167C4.svs,672.136283,TCGA-DX-A8BU,Malignant fibrous histiocytoma
e1dbdabe-ccbe-406f-a699-10c38b5130c7,TCGA-DX-A8BU-01Z-00-DX1.FDFF2EFE-079E-4F74-9169-F92C28689F94.svs,661.705125,TCGA-DX-A8BU,Malignant fibrous histiocytoma
ff832ed6-f547-4e7d-b5f2-79f4b2a16d4e,TCGA-IF-A4AJ-01Z-00-DX1.A6CE6AEC-B645-4885-A995-99FF7A4B26A5.svs,970.327437,TCGA-IF-A4AJ,"Leiomyosarcoma, NOS"
6cb269b5-5ecd-4613-93c1-7b32eb1b5ae2,TCGA-DX-AATS-01Z-00-DX1.402B0309-AF1B-4D10-BF98-5A3CECDEBAEF.svs,1622.177957,TCGA-DX-AATS,"Sarcoma, NOS"
2a6dc6cb-c3e7-420e-8c75-1c73b6854f3d,TCGA-DX-AATS-01Z-00-DX3.FDD4DD3B-AA27-44FD-B4BA-A3A52B23C804.svs,2122.908495,TCGA-DX-AATS,"Sarcoma, NOS"
53a999b3-6677-47d8-8877-f1bfe7988bd6,TCGA-DX-AATS-01Z-00-DX5.D31FFA93-719C-4940-B35E-1A3DBD1ECE59.svs,1630.025561,TCGA-DX-AATS,"Sarcoma, NOS"
eb5c3255-0508-4fb4-82f6-ef8a62bae858,TCGA-DX-A8BZ-01Z-00-DX1.86BAB60B-FCF6-4FC6-B586-75030B26DF8B.svs,1982.013711,TCGA-DX-A8BZ,"Leiomyosarcoma, NOS"
96aa6a74-a5d1-4ecf-b02b-080a148ca1f6,TCGA-SI-AA8B-01Z-00-DX3.2CC8E95A-1E38-464B-B429-143F4DC9A030.svs,2078.380589,TCGA-SI-AA8B,Undifferentiated sarcoma
8f759101-cee7-4d78-bd30-da16d1e4832e,TCGA-VT-A80J-01Z-00-DX2.3A198673-C109-4995-9498-0AAFCAA68A6C.svs,1525.375031,TCGA-VT-A80J,Undifferentiated sarcoma
eda24087-80bc-4efb-937e-aefe20b1b3ad,TCGA-DX-A8BH-01Z-00-DX2.0D42A196-033C-4132-BEEC-86AFD2EF42C4.svs,4054.252598,TCGA-DX-A8BH,Undifferentiated sarcoma
e90d0a23-1315-4e52-9dfb-5131989a5ba3,TCGA-VT-A80J-01Z-00-DX1.F3E2422A-E1D1-487D-9ABF-BB38FC0F3477.svs,1526.740819,TCGA-VT-A80J,Undifferentiated sarcoma
12683293-f898-4c63-a4ba-7046d7731055,TCGA-IE-A4EJ-01Z-00-DX1.D1F60667-AE35-4920-BA47-7FF09D19EE54.svs,525.489595,TCGA-IE-A4EJ,Giant cell sarcoma
3b59055f-e0ce-417c-b417-b40b84a8be40,TCGA-DX-A8BR-01Z-00-DX4.F16A6FE4-B908-454A-94F5-72B9123F1CD9.svs,1283.676405,TCGA-DX-A8BR,Malignant fibrous histiocytoma
9f76b732-04af-4d9c-a56c-bd2e8593fbb3,TCGA-DX-A8BR-01Z-00-DX5.99E29534-D00E-4474-A72F-88E92463D931.svs,862.038543,TCGA-DX-A8BR,Malignant fibrous histiocytoma
4044abea-0529-41bd-8afb-019c363541b8,TCGA-DX-A1L1-01Z-00-DX1.AF505C16-DC64-4346-A1DF-595A43848832.svs,1746.261985,TCGA-DX-A1L1,Dedifferentiated liposarcoma
e8d8eb86-52d7-4a8a-94ee-314d9a222db1,TCGA-DX-A6YZ-01Z-00-DX2.683BC4A7-B711-4F04-8C2B-82ACA88D71E8.svs,2078.638945,TCGA-DX-A6YZ,Fibromyxosarcoma
3bf6620d-600a-4fa3-a5c9-bd0cac04052d,TCGA-X6-A8C6-01Z-00-DX1.58506473-F178-4D41-94BA-7300851AE096.svs,2168.575199,TCGA-X6-A8C6,Fibromyxosarcoma
8a7eef86-a4c3-4ce6-a6b5-b9aa77961caa,TCGA-X6-A8C6-01Z-00-DX4.E0392C72-944A-4738-963A-C36B2D5A9B8F.svs,2089.121435,TCGA-X6-A8C6,Fibromyxosarcoma
976fa1eb-3d85-43e6-893b-a17e5e1ac68f,TCGA-DX-A8BP-01Z-00-DX1.DDCD7598-FCD5-4AE8-8340-F42A911F2A51.svs,2924.626334,TCGA-DX-A8BP,"Basal cell carcinoma, NOS"
67d80bcb-5b20-419e-866d-a53f6fdfcca4,TCGA-DX-A6YV-01Z-00-DX4.D3DE3ADC-AF55-41F7-B9D6-7BBF253746B9.svs,921.596933,TCGA-DX-A6YV,Fibromyxosarcoma
7af7f956-6332-4dc3-b8d3-0eff81b44be6,TCGA-HS-A5N8-01Z-00-DX1.601413E5-4F0F-4ABD-B307-37A132334F75.svs,256.493026,TCGA-HS-A5N8,"Leiomyosarcoma, NOS"
e9505ca9-bf69-410a-8a6a-e1f00a2673e8,TCGA-DX-A6YV-01Z-00-DX2.13AA3F9B-4841-412F-9E2C-42F0852A98AF.svs,1090.055951,TCGA-DX-A6YV,Fibromyxosarcoma
bf1c8eb0-4c18-45fb-9021-35403e1ba848,TCGA-DX-A1KX-01Z-00-DX1.334B2EEA-33C8-40A5-A19F-61D0087C978E.svs,2126.105889,TCGA-DX-A1KX,Dedifferentiated liposarcoma
d30a1991-a0c1-4def-99ee-aa5d01bc6da4,TCGA-3B-A9HQ-01Z-00-DX1.6B5F22F9-5E76-4852-8F0C-C69F55073DCD.svs,664.426334,TCGA-3B-A9HQ,"Leiomyosarcoma, NOS"
8076b447-e19b-4476-a5a8-d9b4f9949757,TCGA-DX-A3UC-01Z-00-DX1.AE45129F-2881-4BAD-A165-A20F033AA3C3.svs,2111.888245,TCGA-DX-A3UC,"Leiomyosarcoma, NOS"
d6e1252f-84c1-4c3f-aeaf-612be3676089,TCGA-DX-A7EF-01Z-00-DX2.854E87CC-9CF6-41E5-9696-681C963831D8.svs,2187.476725,TCGA-DX-A7EF,Undifferentiated sarcoma
5924d8c4-4689-43dd-a9f3-a2b898546fb6,TCGA-MJ-A68H-01Z-00-DX1.104DE5B7-C7BE-4A27-8E1E-EB5341B59DEE.svs,2624.284135,TCGA-MJ-A68H,"Leiomyosarcoma, NOS"
470be426-8897-48d7-9be9-89e88fde70f1,TCGA-X6-A7WA-01Z-00-DX2.7B3EAA37-94F6-4758-887D-E7B1AA63C740.svs,1845.721351,TCGA-X6-A7WA,"Leiomyosarcoma, NOS"
ed2469d9-a412-4e5c-8bde-6e186c37b1f8,TCGA-DX-A48V-01Z-00-DX1.6B1D0182-7668-43D7-A59C-118E14B2B98D.svs,2776.299457,TCGA-DX-A48V,"Leiomyosarcoma, NOS"
b6e250c8-47e2-44aa-b749-79e7d4acf028,TCGA-DX-A3M2-01Z-00-DX1.B2806534-80E2-488B-852D-F87D8F6B0997.svs,2271.051243,TCGA-DX-A3M2,"Melanoma, NOS"
17fbe125-7403-4160-8369-773f83e242dd,TCGA-K1-A42W-01Z-00-DX1.666F3FE7-84CD-470F-BBC5-FF45406DCA76.svs,2297.288613,TCGA-K1-A42W,"Leiomyosarcoma, NOS"
b34b5de7-2f69-46b3-9eae-f63b4e6da616,TCGA-X6-A8C2-01Z-00-DX1.E45B7ADD-607F-40E6-940B-626ED6D8D89E.svs,1860.187251,TCGA-X6-A8C2,Undifferentiated sarcoma
42385301-8cec-4892-9e5a-1a08a0a1192e,TCGA-DX-AB30-01Z-00-DX5.951C5DB8-9EA1-4895-9811-61E289001B56.svs,1499.170473,TCGA-DX-AB30,Fibromyxosarcoma
cd1e0805-00cd-4de6-ac48-2810abaad473,TCGA-DX-AB30-01Z-00-DX2.155BA18C-1634-416F-BED0-FFAEA5FA95C7.svs,1363.266287,TCGA-DX-AB30,Fibromyxosarcoma
dbd83f8f-7007-47c8-98b9-9b00c29d3b5f,TCGA-DX-A8BJ-01Z-00-DX2.2E7D8A52-B4C6-45E9-82C8-3C5E5748046C.svs,1833.398419,TCGA-DX-A8BJ,Malignant fibrous histiocytoma
9074070b-1060-4e17-9601-ba947a2548a9,TCGA-DX-A8BJ-01Z-00-DX3.5E267E9E-E9D7-4E53-B259-B3E18516FC15.svs,1310.767267,TCGA-DX-A8BJ,Malignant fibrous histiocytoma
54045329-4623-40b6-8993-2c9466f4e070,TCGA-X6-A8C2-01Z-00-DX4.D5EA00E5-2610-4269-AF4A-222CD1639253.svs,1801.803685,TCGA-X6-A8C2,Undifferentiated sarcoma
ff5fa49c-b976-411c-b3d8-e738f254307b,TCGA-X6-A7WB-01Z-00-DX3.F2662EFE-A72B-41D7-9E0F-55C40E01BB06.svs,1545.594577,TCGA-X6-A7WB,"Leiomyosarcoma, NOS"
0c930d80-9bc3-4d75-8e91-097b48ede3e0,TCGA-X6-A7WB-01Z-00-DX2.50621B7B-8DC1-4F08-8298-1EF60334CBE2.svs,1668.081669,TCGA-X6-A7WB,"Leiomyosarcoma, NOS"
dbe419be-9d67-48ca-bb33-cc252661c81e,TCGA-DX-A23U-01Z-00-DX1.39EF5662-E7E5-4D5C-BB70-9AA00B762AC5.svs,2281.098907,TCGA-DX-A23U,Dedifferentiated liposarcoma
15623633-b2c8-407b-9bf1-9a1bf56450f2,TCGA-LI-A9QH-01Z-00-DX1.651E5A39-4FEB-4E83-A40C-C2744DBCDBB0.svs,1394.420991,TCGA-LI-A9QH,Undifferentiated sarcoma
92c28768-ec42-414f-aa06-33691d6356c6,TCGA-3B-A9I1-01Z-00-DX1.357AC59B-9C5B-4F2C-9B57-970EC639923C.svs,553.059046,TCGA-3B-A9I1,"Leiomyosarcoma, NOS"
4999abdc-f65c-4644-91fc-79d20e72d514,TCGA-DX-A8BM-01Z-00-DX3.7E716878-5B10-4EF9-825B-00BDDDDAE32B.svs,1673.656119,TCGA-DX-A8BM,Undifferentiated sarcoma
a5b80127-11a1-495c-a942-127689cce726,TCGA-DX-A8BM-01Z-00-DX5.2F0C98B8-E96A-4755-9F1B-4C82E997E48F.svs,1267.843811,TCGA-DX-A8BM,Undifferentiated sarcoma
7477e42e-a0c6-48c7-b50a-66ef0e6b2c47,TCGA-UE-A6QT-01Z-00-DX1.0F595E78-5CAC-48A8-9F64-19A54A0E41FB.svs,1200.656249,TCGA-UE-A6QT,Pleomorphic liposarcoma
1b6f2472-ed56-463b-9b8f-63265a5c7e56,TCGA-WK-A8Y0-01Z-00-DX5.F00B7515-66EA-4F64-8DBA-F54CEB51072B.svs,1644.602795,TCGA-WK-A8Y0,Undifferentiated sarcoma
17c26ec3-68c7-4554-9922-e160060ae022,TCGA-DX-AB2Z-01Z-00-DX3.DF41CBC5-E50C-45D1-9AD9-E06962974204.svs,2180.387393,TCGA-DX-AB2Z,Malignant fibrous histiocytoma
f29bce94-e047-4b4f-b25f-e28d1dd56cfe,TCGA-QC-AA9N-01Z-00-DX1.B92840D0-CB36-4693-B0D8-76634825C0EA.svs,2723.907606,TCGA-QC-AA9N,Undifferentiated sarcoma
327ceb9d-959d-4ca7-a1f5-4c9401f7883f,TCGA-DX-AB2Z-01Z-00-DX5.0723F578-3315-4053-89F9-C44677869F6F.svs,1698.819067,TCGA-DX-AB2Z,Malignant fibrous histiocytoma
eeb72515-d82f-41f4-9ae9-f664008e2f02,TCGA-N1-A6IA-01Z-00-DX3.383A2045-B662-4800-B919-869B3E359CA3.svs,2007.987871,TCGA-N1-A6IA,"Leiomyosarcoma, NOS"
957cfc23-48ac-4b04-8324-951fbf8e502a,TCGA-DX-A6BG-01Z-00-DX1.64FE42B8-DE0D-4C50-817B-1F0FB159CD2F.svs,862.836985,TCGA-DX-A6BG,Dedifferentiated liposarcoma
defd0048-0ee2-49a5-a4c8-12b2670e29e9,TCGA-DX-A8BQ-01Z-00-DX2.CEBE45E6-B8C5-41C8-AF37-4EDCF9818B91.svs,3536.63057,TCGA-DX-A8BQ,Malignant fibrous histiocytoma
f5406d04-9ebb-43c4-baa2-1c804cb4cfa2,TCGA-DX-AB2F-01Z-00-DX3.E6CC5C3A-C439-48F9-AC5F-F18469220D57.svs,1460.278355,TCGA-DX-AB2F,Dedifferentiated liposarcoma
dfc78688-e71f-466f-adfd-704ca7a869bf,TCGA-SI-A71O-01Z-00-DX6.AA4E7C84-518F-4F14-9DC7-3F28FFA6D95E.svs,1676.808761,TCGA-SI-A71O,Malignant peripheral nerve sheath tumor
f0e9a150-7dec-4a97-a266-16a0947b0bc3,TCGA-X6-A8C7-01Z-00-DX1.A32F67F8-CB85-4F3D-9E31-DB0402DBF5B1.svs,1746.860867,TCGA-X6-A8C7,"Synovial sarcoma, biphasic"
ab5a933f-60ac-49fd-884a-c55653ad6169,TCGA-WK-A8XS-01Z-00-DX3.0348F66D-5DE7-48B4-B8ED-C21E3FD39CE7.svs,1030.934425,TCGA-WK-A8XS,"Leiomyosarcoma, NOS"
5f7e13fa-8a0f-4d30-b4d3-23122a9de236,TCGA-WK-A8XS-01Z-00-DX5.709343A0-3508-4516-97E7-9C8A9C820DB8.svs,1020.517935,TCGA-WK-A8XS,"Leiomyosarcoma, NOS"
85697634-4420-42c4-9162-ad424b4c8a15,TCGA-WK-A8XS-01Z-00-DX4.F4613E96-1586-4C63-A710-1385CA0C802D.svs,1025.753233,TCGA-WK-A8XS,"Leiomyosarcoma, NOS"
5198aca6-7d64-4bb4-8c04-a2e09226f16b,TCGA-DX-A7ES-01Z-00-DX1.8218255F-C439-41CB-B25B-F177D19BAF28.svs,1640.102963,TCGA-DX-A7ES,Dedifferentiated liposarcoma
95c96b93-ca17-48ae-ae37-ea7f5e498428,TCGA-DX-A48R-01Z-00-DX1.2D3E93D6-1051-4992-B0A2-BA981EB11005.svs,1595.509945,TCGA-DX-A48R,"Leiomyosarcoma, NOS"
736c8866-f128-4d1d-b22c-a9ae8ecaae0a,TCGA-SI-A71Q-01Z-00-DX1.72BE304A-EA88-4C6F-857C-066BEF65B2EC.svs,1506.533719,TCGA-SI-A71Q,Malignant peripheral nerve sheath tumor
bb58b004-3461-4e0a-89aa-fdc1962af459,TCGA-PC-A5DN-01Z-00-DX1.0C848DEC-B97E-4962-9C07-FD6F4AC4D3D6.svs,645.064979,TCGA-PC-A5DN,"Leiomyosarcoma, NOS"
1bd68e85-00a4-4935-8eae-9ae28455bd1a,TCGA-DX-A6Z0-01Z-00-DX1.DA09422C-5FB5-4BA2-BBB3-82A0DEAEBE6E.svs,1373.557787,TCGA-DX-A6Z0,Fibromyxosarcoma
4c6cbf81-0131-4e72-aa4f-f59578ae3929,TCGA-DX-A3LU-01Z-00-DX1.DFE76532-13E0-4359-BFFD-D3846A326254.svs,1767.416327,TCGA-DX-A3LU,Dedifferentiated liposarcoma
751e914f-b0d3-4cb1-b513-eb935cd925b0,TCGA-DX-A7EU-01Z-00-DX1.F941BD2D-2CE3-434F-B92B-E58B4146CF35.svs,4022.755654,TCGA-DX-A7EU,"Adenocarcinoma, NOS"
dfc52616-6120-45cc-83ec-2c3dd006c957,TCGA-DX-A8BT-01Z-00-DX4.19A3A878-8ACE-427C-BC43-8EB72B12DFD9.svs,1637.893891,TCGA-DX-A8BT,Malignant fibrous histiocytoma
e23ebbf9-7ddf-40bd-a8bf-f5479a16563a,TCGA-DX-A48U-01Z-00-DX1.8B2E81BE-8F2E-4D71-B545-5FD167ACE044.svs,2380.682717,TCGA-DX-A48U,"Leiomyosarcoma, NOS"
a314938e-3f86-444f-8f02-af2d5c296b33,TCGA-X6-A7WD-01Z-00-DX4.D6586A54-D56A-41B6-AFB5-DBACDE48B40D.svs,415.007999,TCGA-X6-A7WD,"Leiomyosarcoma, NOS"
11b16feb-eb88-46d8-82d9-8598d5246fe1,TCGA-DX-A8BL-01Z-00-DX4.BA8D55F1-1573-4F4F-82DF-6FE66E505FC3.svs,1541.340009,TCGA-DX-A8BL,Undifferentiated sarcoma
386a435c-9eea-4a40-98fd-a29b194693bc,TCGA-DX-A6YT-01Z-00-DX1.67FA95F8-823A-4227-9422-FB20E7415138.svs,1321.839789,TCGA-DX-A6YT,"Basal cell carcinoma, NOS"
e3bd42e5-7fa7-42e7-a6f4-7f61e50fb9f6,TCGA-DX-A6YT-01Z-00-DX4.B08F487D-294D-4D20-8523-4CE3C91B3229.svs,1142.197869,TCGA-DX-A6YT,"Basal cell carcinoma, NOS"
a968e3ba-8586-48a7-8f4e-81d6d6670bb3,TCGA-WK-A8XO-01Z-00-DX2.1B458FAA-9937-4A15-A3E0-4237B75DA1A0.svs,2116.616939,TCGA-WK-A8XO,Dedifferentiated liposarcoma
1cb213a5-801e-46e1-af2e-dae4d9e89178,TCGA-WK-A8XO-01Z-00-DX1.B5C49FBF-EEF4-40E2-8C7C-4794E6846B65.svs,2097.721957,TCGA-WK-A8XO,Dedifferentiated liposarcoma
b3699fcd-d38c-4552-82b4-62f9a7958d51,TCGA-WK-A8XO-01Z-00-DX3.6E73564F-9C51-462F-98B9-5F9693AB783E.svs,2111.178103,TCGA-WK-A8XO,Dedifferentiated liposarcoma
ea8d50d9-6f84-4610-b7d6-a3acbc9c17e9,TCGA-DX-AB2O-01Z-00-DX1.EF2E7050-57D3-4F58-92F5-056096B9AE7F.svs,1909.591545,TCGA-DX-AB2O,Malignant fibrous histiocytoma
9c71de2d-f8c8-41da-8edd-8d14c050c52e,TCGA-DX-A48O-01Z-00-DX1.05E114CB-6FB8-4114-BD90-3CC26E1AC17E.svs,2499.367801,TCGA-DX-A48O,"Leiomyosarcoma, NOS"
83272fd3-5b20-41aa-91c5-7c3ab2906481,TCGA-DX-AB2O-01Z-00-DX3.74071C3B-F83E-4E40-9CCF-C5A93BD65407.svs,2904.500299,TCGA-DX-AB2O,Malignant fibrous histiocytoma
972b25ad-32dc-4496-96b8-da6a339e57a7,TCGA-DX-AB2O-01Z-00-DX4.CFB112CB-5C14-4B69-AE8F-F9E359C5FF26.svs,2868.636781,TCGA-DX-AB2O,Malignant fibrous histiocytoma
3ecfc5c9-1915-4ef4-8036-c615b6d40ab2,TCGA-DX-A6YX-01Z-00-DX4.9D1B0CAF-5EA5-41E8-9C0E-17952F2331DB.svs,967.246519,TCGA-DX-A6YX,Fibromyxosarcoma
d9b4cf1a-cb0b-45a6-964f-7c137f3dd4c8,TCGA-DX-A6YX-01Z-00-DX5.A598EBB0-295C-41EE-A5D5-7A336E4E4E06.svs,1392.150351,TCGA-DX-A6YX,Fibromyxosarcoma
61aa5583-c8b4-45c9-b77b-f225064eff25,TCGA-DX-AB2T-01Z-00-DX5.8A8B0264-1B73-4F8D-9B1F-990A8D8A0BA6.svs,1010.208797,TCGA-DX-AB2T,Fibromyxosarcoma
5395caad-2279-4ef5-902d-1d40602fb8f8,TCGA-DX-AB2T-01Z-00-DX4.4115DCF2-32F4-4E09-A355-7342DC58CFF0.svs,1892.028191,TCGA-DX-AB2T,Fibromyxosarcoma
3104f105-4e64-48e1-9fef-53a46b6b44ee,TCGA-DX-AB35-01Z-00-DX2.2B402924-E169-4EB3-AF9F-4A6843547192.svs,1447.176655,TCGA-DX-AB35,"Liposarcoma, well differentiated"
a01898f0-f317-41d6-8668-89b671fa7366,TCGA-DX-AB2L-01Z-00-DXO.62349DCE-EA2F-4DA1-B671-DF83FF7D58FC.svs,1798.929325,TCGA-DX-AB2L,Fibromyxosarcoma
cf0972c7-54d0-4573-8602-18cd73927be2,TCGA-DX-AB2L-01Z-00-DXC.3598742C-CB50-4F43-BFA4-58117446F7B6.svs,1817.041811,TCGA-DX-AB2L,Fibromyxosarcoma
6ce0b6f4-eebe-474a-83c8-cf8d11d7d310,TCGA-DX-AB2L-01Z-00-DXR.EE2225E6-EE58-40F1-AD24-B3F45BCC0029.svs,1472.709423,TCGA-DX-AB2L,Fibromyxosarcoma
e90fff2a-9ed3-4557-a5d1-4582539857b8,TCGA-DX-AB2L-01Z-00-DXB.0440FC98-DA55-4257-8C41-D85DF933DC7F.svs,1448.811375,TCGA-DX-AB2L,Fibromyxosarcoma
341f03d1-c1f2-4234-b8a1-0c945ef3dd26,TCGA-DX-AB2L-01Z-00-DXU.95E300FB-73A2-463A-9A1C-069770C86F52.svs,873.648601,TCGA-DX-AB2L,Fibromyxosarcoma
6ba0cace-1bf1-42e8-b587-75085410c3a5,TCGA-DX-AB2L-01Z-00-DXG.7E75BDCF-CA0E-466D-9ED4-ED87D47CF4EE.svs,1734.959713,TCGA-DX-AB2L,Fibromyxosarcoma
30aedbf0-e615-4edf-8b76-deecc60951e7,TCGA-DX-AB2L-01Z-00-DXN.4CF5AD3A-C432-4F9C-AD86-6BDBBB88B73B.svs,869.727389,TCGA-DX-AB2L,Fibromyxosarcoma
ff2deddb-954c-44ed-b858-6256eff06cc9,TCGA-DX-AB2L-01Z-00-DXI.B49EF622-5A3A-4AAD-A2AF-B58150DD707C.svs,1138.195261,TCGA-DX-AB2L,Fibromyxosarcoma
c51cc1e2-49f1-4dc7-b662-326506d14898,TCGA-HS-A5NA-01Z-00-DX1.AF7E1292-ED65-400D-9F6E-B4369B044A6B.svs,249.689554,TCGA-HS-A5NA,"Leiomyosarcoma, NOS"
17b4c565-86ca-4ac3-b0a8-81ee6a6f2c7b,TCGA-DX-AB2L-01Z-00-DX4.26D6CBF2-C868-49CB-8D51-B624049EAB14.svs,1341.819437,TCGA-DX-AB2L,Fibromyxosarcoma
544f64e3-acc0-4a09-8693-2bcc24013996,TCGA-DX-AB2L-01Z-00-DXT.32C6ABE8-B05E-418B-AA30-52BC5E1888C3.svs,661.261647,TCGA-DX-AB2L,Fibromyxosarcoma
f2fad044-1cb5-4ce4-affc-f2a6a35e7c23,TCGA-DX-AB2L-01Z-00-DXL.8A27B115-5BBE-4E47-8C0F-33A0B2165300.svs,1399.260345,TCGA-DX-AB2L,Fibromyxosarcoma
933fc7c9-251e-4002-a245-a04af0adeee4,TCGA-DX-AB2J-01Z-00-DX4.FBFE63CD-14FE-49C2-B74A-F386BECB2EBE.svs,1591.345151,TCGA-DX-AB2J,"Thecoma, NOS"
68871454-a6d1-4279-8256-c0a6bd5f01e9,TCGA-DX-A8BO-01Z-00-DX5.B97A0CD6-F2D6-4B13-B47B-9EB64448D06B.svs,2074.310977,TCGA-DX-A8BO,Undifferentiated sarcoma
6e3fc152-c403-4b08-819f-ab0fc32a9258,TCGA-WK-A8XY-01Z-00-DX3.889C7570-4E72-4448-8851-014BDBC99202.svs,1460.446071,TCGA-WK-A8XY,"Leiomyosarcoma, NOS"
12bd00ee-10d6-4263-8d94-0983417ad4cb,TCGA-WK-A8XY-01Z-00-DX1.75D3630C-EF98-487D-A1E2-BC91B6EB1329.svs,1544.096273,TCGA-WK-A8XY,"Leiomyosarcoma, NOS"
e4eb9ea1-2b0e-4c79-9a45-31db1f50885d,TCGA-WK-A8XY-01Z-00-DX2.F0FC7B27-D321-417D-A66C-61D7A008E416.svs,1572.837965,TCGA-WK-A8XY,"Leiomyosarcoma, NOS"
de422223-a880-4825-b54d-7b4a8434e4f7,TCGA-WK-A8XY-01Z-00-DX4.9CDBD0F4-198F-4AA6-AC38-49E0986BC49D.svs,1564.931677,TCGA-WK-A8XY,"Leiomyosarcoma, NOS"
23fc5cb9-e679-4330-836f-dbe77fbc4dad,TCGA-DX-AB2V-01Z-00-DX1.1C2444AF-58E9-47DE-8CC3-E3A54AF43413.svs,2573.643867,TCGA-DX-AB2V,Fibromyxosarcoma
e1810beb-4b19-4a90-8392-c2059e0d8690,TCGA-DX-AB2V-01Z-00-DX5.7BCD35CE-672B-4F46-967C-519EF8B3981C.svs,2233.362211,TCGA-DX-AB2V,Fibromyxosarcoma
fe39b765-2e1b-4195-a4a3-5b7e5bd1d3f1,TCGA-DX-AB2V-01Z-00-DX3.BA3035B3-1623-4EE9-9DC3-B36B937EECA0.svs,1375.705975,TCGA-DX-AB2V,Fibromyxosarcoma
815eda94-b15f-439d-a227-0822beb37a2b,TCGA-X2-A95T-01Z-00-DX1.F58FA87E-A30C-4294-8AF4-67B1D1580691.svs,1673.914247,TCGA-X2-A95T,"Leiomyosarcoma, NOS"
90102a50-deb3-4e20-a7f3-59c5daabd61f,TCGA-DX-A8BV-01Z-00-DX2.438DDE32-1A4B-4E2C-842F-CBBC613709E7.svs,1042.480831,TCGA-DX-A8BV,Fibromyxosarcoma
bf702b44-685a-4575-8d4a-1308637ee371,TCGA-DX-AB2Q-01Z-00-DX3.A240E006-97F9-4055-847E-01C3962236F6.svs,1900.026211,TCGA-DX-AB2Q,Malignant fibrous histiocytoma
23582215-fedd-42be-a35d-67dc94370d9c,TCGA-DX-AB2Q-01Z-00-DX1.EE6D67D4-D6F5-40CE-86CA-12932BB83779.svs,2067.166297,TCGA-DX-AB2Q,Malignant fibrous histiocytoma
463097a8-8715-4eaa-8e7f-6fb5841a9dc1,TCGA-DX-A6B7-01Z-00-DX1.3BF2663B-9798-484E-87D3-EEAE740F3000.svs,2140.798333,TCGA-DX-A6B7,"Leiomyosarcoma, NOS"
359e4480-34a8-4161-bae7-805e1489111d,TCGA-WK-A8XX-01Z-00-DX4.4026210A-1DAA-4589-84F5-F5E6D401285B.svs,1414.536303,TCGA-WK-A8XX,"Leiomyosarcoma, NOS"
04455478-9cb6-40b5-b309-bfee308afeba,TCGA-DX-AB2Q-01Z-00-DX5.1DE4DBB9-4E6A-45B1-AE5F-3E612B8BF6A3.svs,1458.531813,TCGA-DX-AB2Q,Malignant fibrous histiocytoma
70c703e3-4b9b-4537-949f-289f5be4fc3e,TCGA-MJ-A68J-01Z-00-DX1.CFC5D195-F78B-4950-BF3F-509222935BCD.svs,2396.456287,TCGA-MJ-A68J,Not Reported
bf7e5747-4083-421f-9489-8c64b5972d31,TCGA-DX-A3UE-01Z-00-DX1.67050794-4EF2-4810-A01F-6A5C1CDB92BB.svs,2025.481931,TCGA-DX-A3UE,"Leiomyosarcoma, NOS"
0c2ad254-292b-4b72-b373-84ee9f399c55,TCGA-DX-A6YU-01Z-00-DX4.C45DE6C3-AB4A-4580-AD0E-3F59D946777B.svs,2773.957328,TCGA-DX-A6YU,Fibromyxosarcoma
f1c9d035-fdcd-44f9-9a8f-ae320dd492c0,TCGA-DX-A6YU-01Z-00-DX2.F7731784-D39C-4896-80B3-F4625927269E.svs,3688.739262,TCGA-DX-A6YU,Fibromyxosarcoma
2f3f784a-3721-4131-89f7-0fc1b9787504,TCGA-QQ-A8VB-01Z-00-DX1.6D8712C8-CB43-4A05-AAC9-9BEC7961EA16.svs,1113.276505,TCGA-QQ-A8VB,Malignant peripheral nerve sheath tumor
3e579ea4-160a-4c48-a87f-0e04c367a31a,TCGA-FX-A3TO-01Z-00-DX1.12C531E9-F507-4580-B958-AC58C6B3A5D9.svs,416.720182,TCGA-FX-A3TO,Malignant fibrous histiocytoma
41240f65-484a-48bf-ac0b-0dec95ee91fb,TCGA-SI-A71P-01Z-00-DX2.E412D194-CDF3-4808-932C-0C45693AD9CE.svs,1073.813695,TCGA-SI-A71P,Malignant peripheral nerve sheath tumor
d3c9a052-709e-44d2-bc27-56996273cb56,TCGA-IS-A3KA-01Z-00-DX1.471418F9-DCB4-493F-8AE0-F28F4586FA0F.svs,739.427786,TCGA-IS-A3KA,"Leiomyosarcoma, NOS"
de429424-3fae-4fa2-9a1b-389992a9e5f8,TCGA-DX-A6Z2-01Z-00-DX3.8E9D13B6-A8DE-4EF9-93F1-9515FB887476.svs,1120.141987,TCGA-DX-A6Z2,"Leiomyosarcoma, NOS"
bac30596-e84e-4373-b584-a440ce08ee13,TCGA-DX-A23V-01Z-00-DX1.E7E5DAB8-EB00-44A2-91F1-2C660F624D1E.svs,1712.503755,TCGA-DX-A23V,Dedifferentiated liposarcoma
dfc65518-8f7e-4306-a647-fd1103780a8d,TCGA-MO-A47P-01Z-00-DX1.CA796598-693C-4766-A812-C718A7E144CE.svs,785.755124,TCGA-MO-A47P,"Liposarcoma, well differentiated"
d3f90a7f-eafb-40d3-9477-98bce179b328,TCGA-DX-A2J1-01Z-00-DX1.51522171-EBCA-4A16-8F39-E794211F8B94.svs,2043.687657,TCGA-DX-A2J1,Dedifferentiated liposarcoma
3c6309b6-91d5-4769-9c50-e102af510baf,TCGA-DX-A48K-01Z-00-DX1.4D53EEE6-31B6-4C72-9318-CAC0CDC2A3D8.svs,1224.416503,TCGA-DX-A48K,"Leiomyosarcoma, NOS"
ce32c1c4-a3d3-49fd-a33f-78217be75e0e,TCGA-LI-A67I-01Z-00-DX2.B59AC060-5526-473C-8CD3-0B3A111F1A8F.svs,1370.428237,TCGA-LI-A67I,Malignant fibrous histiocytoma
300ed6fc-bc46-4694-8d26-53eb084bd6ff,TCGA-LI-A67I-01Z-00-DX6.8AB57C98-A4B8-48D8-9107-23CDED6C838E.svs,1141.474965,TCGA-LI-A67I,Malignant fibrous histiocytoma
f563dacf-7075-4eba-a967-a8cdc6dba2dc,TCGA-LI-A67I-01Z-00-DX1.30B37C80-8D68-42A8-A294-C3EAC6891376.svs,1399.592743,TCGA-LI-A67I,Malignant fibrous histiocytoma
ecffe42c-0a3f-4837-84dc-dec4c82a619c,TCGA-DX-AB2W-01Z-00-DX2.305BB1A0-8FC5-4952-82B8-3A62C34A96AD.svs,2030.602127,TCGA-DX-AB2W,Malignant fibrous histiocytoma
55c94da1-9167-4c57-990b-7b770c3ed52d,TCGA-X6-A8C3-01Z-00-DX5.2234ECBF-1452-44D3-980A-EBB637CCF852.svs,1963.523721,TCGA-X6-A8C3,Fibromyxosarcoma
5074906e-6c9d-4f31-8849-55a7f557d367,TCGA-DX-A8BS-01Z-00-DX5.4B29C975-4372-47E7-9F1D-C677C6E84440.svs,2273.915171,TCGA-DX-A8BS,Undifferentiated sarcoma
5c9fa041-8114-4af4-b8c4-64ae7fbfbaab,TCGA-DX-AB2W-01Z-00-DX4.62D723F8-C94C-4DEC-BB72-8E909076C011.svs,1581.071359,TCGA-DX-AB2W,Malignant fibrous histiocytoma
da0506e6-7513-4ed3-83de-a2b60adf9cc8,TCGA-WK-A8XT-01Z-00-DX1.BA738161-33AA-46F9-8204-81C89548C1A8.svs,1075.415629,TCGA-WK-A8XT,"Synovial sarcoma, spindle cell"
16fa0f7d-661a-47f1-a076-0360c6c6ad38,TCGA-DX-AB2G-01Z-00-DX1.3AB46986-3D64-4395-85CB-CFFDA2024D9A.svs,1785.170435,TCGA-DX-AB2G,Dedifferentiated liposarcoma
f0699000-fcee-4c74-9a35-b21c584fa153,TCGA-DX-A8BX-01Z-00-DX3.68E85818-4D18-4017-834A-040328CC71E6.svs,1793.183723,TCGA-DX-A8BX,Undifferentiated sarcoma
6938e68b-0a1a-46bc-96ed-c0494f1800dc,TCGA-DX-A7ET-01Z-00-DX2.C352BB76-9D7C-4A3E-B9B3-A9D1D0810281.svs,3458.235044,TCGA-DX-A7ET,"Adenocarcinoma, NOS"
8df72859-f071-4bbd-a742-6f1c75bf2798,TCGA-DX-A8BX-01Z-00-DX1.63C4EF5D-11AA-4A3D-BE3F-F1D61E48C366.svs,1148.652727,TCGA-DX-A8BX,Undifferentiated sarcoma
d135631b-8317-4fd1-9f00-60c101266984,TCGA-DX-AATS-01Z-00-DX2.463742C8-7526-4D1A-9508-0E18EAB56FF4.svs,1870.456999,TCGA-DX-AATS,"Sarcoma, NOS"
c002e241-2044-4295-bca1-f3aee4b5dce6,TCGA-3B-A9HT-01Z-00-DX1.CC77DDAC-D63C-42A4-B3FE-A505BEB31EED.svs,1061.277482,TCGA-3B-A9HT,Not Reported
5f76d057-0e5e-4c83-b0db-6b2a6af0c4b4,TCGA-SI-AA8B-01Z-00-DX4.A0D0CF37-02DF-41D5-8E26-1F2A1A0E2002.svs,1884.539049,TCGA-SI-AA8B,Undifferentiated sarcoma
7eb570d1-ab2c-430b-9765-209e03b18477,TCGA-SI-AA8B-01Z-00-DX1.8FEF34C6-8C0B-4880-A2C2-F4FAF21831B6.svs,2036.892063,TCGA-SI-AA8B,Undifferentiated sarcoma
f3704c28-bc99-420e-976c-7b45f7b16e62,TCGA-SI-AA8B-01Z-00-DX5.5BBFF53A-1E15-449A-B655-A2D66B4D12ED.svs,1802.121249,TCGA-SI-AA8B,Undifferentiated sarcoma
063a593b-8237-43c2-ad0e-97173f9b5c7e,TCGA-DX-A8BH-01Z-00-DX5.6B898E9A-DC8C-40E6-A809-9E0C623A6459.svs,3112.867922,TCGA-DX-A8BH,Undifferentiated sarcoma
201f5aa0-5c55-4682-9c67-46530f0f018a,TCGA-DX-A8BH-01Z-00-DX1.EB0C1399-17BB-4A70-80F0-4788A83CE681.svs,3746.990218,TCGA-DX-A8BH,Undifferentiated sarcoma
2dab6866-7d59-442f-adf5-22560f364731,TCGA-DX-A8BH-01Z-00-DX3.EC073632-1331-4789-9508-149DADEA58AD.svs,3245.404142,TCGA-DX-A8BH,Undifferentiated sarcoma
fdd2ad1e-51e8-41b1-9052-6dcf5df79ac1,TCGA-DX-A8BR-01Z-00-DX3.737ABC99-0776-4FE2-81D6-70857CBFE5E8.svs,1042.216665,TCGA-DX-A8BR,Malignant fibrous histiocytoma
7e341a59-4571-4a3f-927b-b65fb7c8ef4e,TCGA-DX-A6YQ-01Z-00-DX4.EF686FC3-7716-40A2-858E-612C9388A2D5.svs,3403.194958,TCGA-DX-A6YQ,Fibromyxosarcoma
4dabe77c-4bbc-4845-a856-e319e1dd8b5b,TCGA-Z4-AAPG-01Z-00-DX1.543DB232-1C6A-416A-88DF-6D18CABFD3F5.svs,917.591371,TCGA-Z4-AAPG,Undifferentiated sarcoma
eb277ae0-11e1-49aa-9fe8-bdf0f85efb49,TCGA-DX-AB2H-01Z-00-DX3.EFF4CE5A-FE1D-4ADE-8EA1-17618C0C8519.svs,2313.461641,TCGA-DX-AB2H,"Liposarcoma, well differentiated"
623a25c8-b2c8-4171-93a0-d0b090a1f0a6,TCGA-X6-A8C6-01Z-00-DX5.5E6D1D13-1DBF-4386-9A67-F05312B1A300.svs,2072.697061,TCGA-X6-A8C6,Fibromyxosarcoma
a70fca48-140c-492d-879f-fd3fcbe6dfb5,TCGA-DX-AB2H-01Z-00-DX1.F595B9EE-062B-41CA-B96C-58E8F11963AF.svs,2112.223423,TCGA-DX-AB2H,"Liposarcoma, well differentiated"
a0e620d8-18d2-458d-9a96-71d9d1e0b4e0,TCGA-DX-A8BP-01Z-00-DX3.8AF7973C-7909-4A63-91C8-C7736197A7A1.svs,2644.71395,TCGA-DX-A8BP,"Basal cell carcinoma, NOS"
afde03f0-d62f-4677-a5fa-0b31dfe41aff,TCGA-X6-A8C6-01Z-00-DX2.18FB768D-0D88-4B6F-A070-234460831E0E.svs,2144.874191,TCGA-X6-A8C6,Fibromyxosarcoma
d70fb935-ca87-46a3-8f50-e8ce4b897dc8,TCGA-DX-A6YV-01Z-00-DX3.940BC7F7-FEEA-48C2-8861-ABA89948A426.svs,863.533793,TCGA-DX-A6YV,Fibromyxosarcoma
dee11d72-e6bb-4f36-b61a-800a032dd170,TCGA-FX-A3NJ-01Z-00-DX1.5564E61C-A2F4-4ECA-8C0D-217112DD4E83.svs,480.57971,TCGA-FX-A3NJ,"Leiomyosarcoma, NOS"
e43ea3b9-da87-40ae-9ad1-5689c21790c5,TCGA-DX-A1L2-01Z-00-DX1.CEAD4A86-AFFE-4A9B-A7B8-07791459091B.svs,2051.897801,TCGA-DX-A1L2,Dedifferentiated liposarcoma
210c33cb-6399-473f-9909-bff824e697d7,TCGA-DX-A3UB-01Z-00-DX1.964694B5-87D4-4CB7-A59B-31CA62CE346F.svs,1321.486281,TCGA-DX-A3UB,"Leiomyosarcoma, NOS"
ae07c092-c479-45e9-8399-186b08101631,TCGA-QQ-A8VD-01Z-00-DX1.B9F0EA8B-BC8F-438E-B59F-F089FF30374B.svs,1211.231661,TCGA-QQ-A8VD,Abdominal fibromatosis
c3015882-8a13-46e2-87df-1badf57445ea,TCGA-DX-A7EF-01Z-00-DX3.9BD1152F-24F1-4032-A1BD-096FEFAD53C4.svs,1733.877023,TCGA-DX-A7EF,Undifferentiated sarcoma
ac150ad7-b605-40e1-9502-047dac16222e,TCGA-WK-A8XQ-01Z-00-DX2.64263F00-71B0-4099-BF60-DFB5391E05EA.svs,1042.633345,TCGA-WK-A8XQ,Dedifferentiated liposarcoma
5549eb28-695b-4464-b486-af36b36911e8,TCGA-WK-A8XQ-01Z-00-DX3.224831F2-0BF9-4055-B5FA-D08B88B29962.svs,1103.606959,TCGA-WK-A8XQ,Dedifferentiated liposarcoma
964125d9-14be-49a5-998a-5c0c5ba754fc,TCGA-X6-A7WA-01Z-00-DX3.3A3BD0ED-76D7-420C-A925-38BE5513100B.svs,1890.630005,TCGA-X6-A7WA,"Leiomyosarcoma, NOS"
f31b6981-a415-4bde-9b7d-a2d86ad0f5cd,TCGA-DX-A8BK-01Z-00-DX4.8D3D5C8D-63A6-487B-B2DB-91CFBC6E1C63.svs,1725.659521,TCGA-DX-A8BK,Undifferentiated sarcoma
db4748a5-7555-4b95-8eac-510b1ddc0390,TCGA-DX-A8BP-01Z-00-DX2.39EB8513-A46C-4CD0-81BB-BF84B63C7D17.svs,3797.461758,TCGA-DX-A8BP,"Basal cell carcinoma, NOS"
013b185f-e90d-4c00-9092-7b05b31f6ea0,TCGA-DX-A48N-01Z-00-DX1.BFC9AF5D-3E7E-431E-B6CC-99F98FB4873A.svs,1221.725681,TCGA-DX-A48N,Dedifferentiated liposarcoma
7a358790-3297-4c81-b7c3-ead04ae051c7,TCGA-DX-A8BJ-01Z-00-DX4.F495DEF4-1125-4F03-A6E2-C176FD856989.svs,1715.866621,TCGA-DX-A8BJ,Malignant fibrous histiocytoma
066326f1-50d8-4a9c-87cc-2e37c9e89008,TCGA-X9-A973-01Z-00-DX2.9C18D590-74EF-4FC9-84C2-3536539B5524.svs,2115.618695,TCGA-X9-A973,Undifferentiated sarcoma
ab2e48e2-9830-46c6-b0d7-b480a691bdf7,TCGA-X9-A973-01Z-00-DX1.DAE4AA6B-C98B-45DF-9B60-056E9CBA0F62.svs,2121.529687,TCGA-X9-A973,Undifferentiated sarcoma
8065e7af-26c7-48f3-b41c-3bfea7e96238,TCGA-X9-A973-01Z-00-DX3.CB4E5E9F-04DD-4471-B1BD-0DDD1795E39E.svs,2134.692963,TCGA-X9-A973,Undifferentiated sarcoma
97230dcc-c0e8-4786-a5a1-e24d11d4bf68,TCGA-DX-A7EF-01Z-00-DX4.E0D64BF7-BF6F-47FA-9D84-F499C589DAA9.svs,1762.493439,TCGA-DX-A7EF,Undifferentiated sarcoma
aaa34d42-b5a1-4f53-a1b2-ea62057cd2ef,TCGA-WK-A8Y0-01Z-00-DX4.389906C8-0780-49DF-BF64-61D8845BF874.svs,1619.806067,TCGA-WK-A8Y0,Undifferentiated sarcoma
0751dee3-7b42-458a-891f-c76233e6b85f,TCGA-DX-A6B8-01Z-00-DX2.B7595466-63F8-4F54-84E3-FA754FA194F4.svs,2140.407205,TCGA-DX-A6B8,"Liposarcoma, NOS"
5cf68656-2e59-4b61-823b-feee341f4b8e,TCGA-DX-A3UA-01Z-00-DX1.D103D7A3-ABA3-4D3F-BE0D-D3F5B8335798.svs,747.104921,TCGA-DX-A3UA,"Leiomyosarcoma, NOS"
53573c26-b555-413f-b0cb-dc17498f726d,TCGA-DX-A7ER-01Z-00-DX1.80324868-5A7D-41A8-8469-45294257B8EE.svs,1821.859551,TCGA-DX-A7ER,"Synovial sarcoma, spindle cell"
f62d8c38-7511-4459-9789-1a5eefa0f116,TCGA-DX-AB2X-01Z-00-DX1.82A8FC03-4E3D-4061-8119-B3277AE3CD8D.svs,2899.602677,TCGA-DX-AB2X,Undifferentiated sarcoma
a62670f6-b0d0-4ee3-a2b2-27c692585cbb,TCGA-X9-A971-01Z-00-DX4.D21F77A2-921B-412E-8F29-C7888005F24C.svs,1089.198853,TCGA-X9-A971,"Leiomyosarcoma, NOS"
48c5369b-5713-4cc9-8c03-9ab05eba6325,TCGA-DX-AB2S-01Z-00-DX1.96CB2509-C77C-49E5-9654-CA4EF6F27256.svs,1474.160919,TCGA-DX-AB2S,Fibromyxosarcoma
f88c9683-4158-4435-9f81-f3a5dfdef69d,TCGA-IE-A4EI-01Z-00-DX1.2454ADC5-5E29-4D9A-873D-0136AA2E908A.svs,195.672527,TCGA-IE-A4EI,"Leiomyosarcoma, NOS"
d44674d3-d081-433e-acb3-f6eba88d3317,TCGA-QQ-A5VD-01Z-00-DX1.3F97871C-E377-4920-ACF9-6CCC02D6A576.svs,1280.264109,TCGA-QQ-A5VD,"Leiomyosarcoma, NOS"
d294a1be-f54c-4eec-85f4-fbf20dd5c696,TCGA-DX-A48L-01Z-00-DX1.656CE0A0-F442-4715-8250-C7B71A73FBCC.svs,700.706883,TCGA-DX-A48L,"Leiomyosarcoma, NOS"
30e68420-dc6d-4437-817e-74112454ea10,TCGA-DX-A6Z0-01Z-00-DX5.7CFA5E9B-8924-414C-B53F-1224AAF688F3.svs,1465.830949,TCGA-DX-A6Z0,Fibromyxosarcoma
4b990343-8a21-41dd-a5b3-a20bcb821ace,TCGA-Z4-A8JB-01Z-00-DX1.447A7993-3AD0-47FC-8695-72E643E71E96.svs,719.948561,TCGA-Z4-A8JB,Aggressive fibromatosis
3dd86202-5fcc-4151-a5fe-2571e2919235,TCGA-DX-A8BT-01Z-00-DX3.003928B1-F85E-48C5-A0A9-198B30088987.svs,1915.309279,TCGA-DX-A8BT,Malignant fibrous histiocytoma
65f68f7b-f75b-4002-8ed2-011587b49118,TCGA-DX-AB3A-01Z-00-DX2.27E3160A-4CA5-4E3B-AF99-157013591E12.svs,1864.621651,TCGA-DX-AB3A,Dedifferentiated liposarcoma
b736ba89-374c-40d5-bbcf-ee64e0e0600f,TCGA-DX-AB3A-01Z-00-DX1.1AD7742A-DFB9-4898-8598-2A99B03C4A7A.svs,1998.234571,TCGA-DX-AB3A,Dedifferentiated liposarcoma
3ea7961c-82d2-4a7e-b004-2b94f1c867ca,TCGA-DX-A8BT-01Z-00-DX1.8843A8B8-64F7-4A38-B45F-73C031EC0887.svs,1196.265309,TCGA-DX-A8BT,Malignant fibrous histiocytoma
3bea482f-d646-4b19-9eda-12a418a542fc,TCGA-DX-A8BT-01Z-00-DX5.77798E60-3329-4A9C-B5A6-B8EF2261393C.svs,1776.295583,TCGA-DX-A8BT,Malignant fibrous histiocytoma
8a629a72-f5f2-4b72-9fe4-91830eb66259,TCGA-DX-A8BT-01Z-00-DX2.6579E6B2-E2D0-406E-87E8-03C46EC3642B.svs,2553.701335,TCGA-DX-A8BT,Malignant fibrous histiocytoma
3c4f4cf3-d5a9-4196-9051-3ad3b0d1dc71,TCGA-DX-A48P-01Z-00-DX1.682228F3-45D8-4482-86B1-B4E616BBF40A.svs,1874.916285,TCGA-DX-A48P,"Leiomyosarcoma, NOS"
75440b5e-299c-4163-acea-0339a4d83096,TCGA-DX-A6BF-01Z-00-DX2.D5380C86-471E-41CE-B61E-5117794EBCD6.svs,711.441895,TCGA-DX-A6BF,Dedifferentiated liposarcoma
0e7ee414-1dfc-4064-b62a-0ed369231598,TCGA-3R-A8YX-01Z-00-DX1.C340AFDA-E53B-4EA5-BA65-2F2F6AAA3B21.svs,439.829376,TCGA-3R-A8YX,Dedifferentiated liposarcoma
eed47fd2-45bf-4957-abea-e42b15c797d6,TCGA-DX-A8BL-01Z-00-DX1.808E8FE6-9A2C-48FF-9108-D653F09B44B3.svs,2290.638411,TCGA-DX-A8BL,Undifferentiated sarcoma
f519cdfa-8f05-4d1e-b530-bb2cadad7760,TCGA-3B-A9HP-01Z-00-DX1.FE394297-E8C0-4F09-A200-85216BDD1FDB.svs,840.569448,TCGA-3B-A9HP,"Leiomyosarcoma, NOS"
53ba2f98-a160-42a8-95f9-23c6f4cd9ed8,TCGA-JV-A5VE-01Z-00-DX1.C4538A0E-F16A-4C51-A980-D9DAB33E250F.svs,1216.694761,TCGA-JV-A5VE,"Leiomyosarcoma, NOS"
f156a125-bfb8-429c-9dd4-172cab5d46fa,TCGA-DX-A6YT-01Z-00-DX5.AB487C5D-89F7-452A-BEF4-02BFBFAC86E4.svs,1585.581337,TCGA-DX-A6YT,"Basal cell carcinoma, NOS"
499c5bfb-3630-4f04-bcce-00450ffd2d91,TCGA-WK-A8XO-01Z-00-DX5.45E4CD45-C8B2-4686-861C-5E7264FBA983.svs,2077.956119,TCGA-WK-A8XO,Dedifferentiated liposarcoma
a0190ad1-6779-403e-8d10-6e9abc2e8f3b,TCGA-DX-A23T-01Z-00-DX1.AEFA32EC-6E45-471F-A0F9-D891F1B25A22.svs,2061.424293,TCGA-DX-A23T,Dedifferentiated liposarcoma
58e95eb7-9a7b-4c75-a14c-c8a85ac9a558,TCGA-PC-A5DM-01Z-00-DX1.68EC3D3F-3955-4A35-A21E-2473052ECE42.svs,1382.092597,TCGA-PC-A5DM,Not Reported
27f27301-6a74-4604-b663-286c976c5104,TCGA-DX-A6BK-01Z-00-DX1.2667714B-C1C9-4204-B04A-98861834E65E.svs,562.508035,TCGA-DX-A6BK,Not Reported
543e1c89-a892-4ee8-8716-9c94136036a9,TCGA-IS-A3K6-01Z-00-DX1.C3EACA3B-0E4B-4019-BE7C-BD18373EE4F2.svs,491.336222,TCGA-IS-A3K6,"Leiomyosarcoma, NOS"
0165f398-5c82-4dc5-92d9-927aefea7b8c,TCGA-DX-A6BK-01Z-00-DX2.561B10AB-522B-4B2F-BE4B-21AB7A08E7E8.svs,852.656861,TCGA-DX-A6BK,Not Reported
e0b179e8-65e9-4b3a-be01-4a6ed30fb0b0,TCGA-IF-A3RQ-01Z-00-DX1.674A974D-E775-48C1-B4F1-4671C4D1EF33.svs,888.591543,TCGA-IF-A3RQ,Dedifferentiated liposarcoma
518b67b3-20e3-4efb-8104-c2cda66f3640,TCGA-DX-A1KW-01Z-00-DX1.D3379503-58B8-4D5D-84DD-C1FF5418165E.svs,1702.000359,TCGA-DX-A1KW,Dedifferentiated liposarcoma
ed4893fb-adb8-4556-adb9-621a975b0815,TCGA-DX-AB2T-01Z-00-DX3.7FEBC4F9-F46D-4630-9784-CC260BF8A273.svs,1514.444267,TCGA-DX-AB2T,Fibromyxosarcoma
cd85cfe6-7826-4e69-bb86-5bb6c9d80fc0,TCGA-FX-A3NK-01Z-00-DX1.66390C76-EBAB-4904-8BA7-A0E66228B8A5.svs,530.141298,TCGA-FX-A3NK,Dedifferentiated liposarcoma
12d63d6e-ee5d-4d65-bef3-76e704ebcf2f,TCGA-DX-AB2T-01Z-00-DX2.70487312-54E7-4195-9826-A47731DB096A.svs,962.705885,TCGA-DX-AB2T,Fibromyxosarcoma
ac30d025-8f26-4c56-9fc4-cdf9c755a32b,TCGA-DX-AB2T-01Z-00-DX1.19DCF7AE-C84B-41FD-9345-4BC522D6022B.svs,1045.713051,TCGA-DX-AB2T,Fibromyxosarcoma
1ecb6cfb-b465-481e-9ea9-552f6ae65ed8,TCGA-DX-AB2L-01Z-00-DXM.C04B72FB-815C-4520-8C95-CE2AA4CA9815.svs,1515.200275,TCGA-DX-AB2L,Fibromyxosarcoma
55011446-8b18-4b58-a46e-3644fe9bc5ed,TCGA-DX-AB2L-01Z-00-DXQ.F3F683DC-37F9-47C8-9AAA-766EE879AC46.svs,1311.846935,TCGA-DX-AB2L,Fibromyxosarcoma
b29ce91b-3921-4df8-a040-b3c4845d0808,TCGA-DX-AB2L-01Z-00-DX3.729E3A84-1F6E-4D86-AB64-35A5A437F391.svs,2106.634551,TCGA-DX-AB2L,Fibromyxosarcoma
88da7887-056e-4994-99ff-1cd00a520b2e,TCGA-QQ-A8VG-01Z-00-DX2.9C8082B3-7E59-46C8-88B6-73DD4D2D29E7.svs,2591.709211,TCGA-QQ-A8VG,Malignant peripheral nerve sheath tumor
d939e420-2a66-4b6e-9f62-d024e360882c,TCGA-DX-AB2L-01Z-00-DXH.4C927CCC-9572-457C-85E3-6BA5458FD983.svs,1929.189105,TCGA-DX-AB2L,Fibromyxosarcoma
95a5cf7b-04b9-4475-9436-837269d1f465,TCGA-DX-AB2J-01Z-00-DX1.162084BD-B915-4B47-824E-450CF5B59F6C.svs,1602.569253,TCGA-DX-AB2J,"Thecoma, NOS"
b80607c0-76c8-4ae7-99cf-c9fb579f2868,TCGA-DX-A8BO-01Z-00-DX2.13B8FEF6-3BF0-4CD9-B084-C05757E1280D.svs,2475.017837,TCGA-DX-A8BO,Undifferentiated sarcoma
98c6a9d4-a107-4638-9c28-36800a176966,TCGA-WK-A8XZ-01Z-00-DX3.7E2F221F-52F9-4A2B-9B7B-84DF3E61489F.svs,1411.391333,TCGA-WK-A8XZ,"Leiomyosarcoma, NOS"
a1c664fa-cd1e-48d6-a8ed-4409fe67c18f,TCGA-DX-AB2V-01Z-00-DX2.11789EB5-CECF-4687-939C-95A14F94373A.svs,1518.153029,TCGA-DX-AB2V,Fibromyxosarcoma
2b5049b9-8562-4ebe-afc0-36cc10b43580,TCGA-DX-A8BV-01Z-00-DX1.C494B11C-5393-4B14-84AF-B723E9AFA9D3.svs,677.773603,TCGA-DX-A8BV,Fibromyxosarcoma
e2ba2162-e130-43cd-93cb-0ba3bdca2cac,TCGA-DX-A8BV-01Z-00-DX4.9DA3D3C8-065E-4BC1-83AE-DF776493D232.svs,1520.065257,TCGA-DX-A8BV,Fibromyxosarcoma
dc818c24-9b11-45c3-abac-c5d3330c17eb,TCGA-DX-A6B7-01Z-00-DX2.FFA8BB5F-7B8D-4080-A4D2-1BF9C9DF71D9.svs,2749.500129,TCGA-DX-A6B7,"Leiomyosarcoma, NOS"
82bb6d58-7886-43f1-9508-102b75fda1a5,TCGA-WK-A8XX-01Z-00-DX5.3882172D-023C-4011-AB1B-C473EDF15E9E.svs,1514.221069,TCGA-WK-A8XX,"Leiomyosarcoma, NOS"
843915f5-03b9-4acc-8e88-e3a8861d9c80,TCGA-HB-A3YV-01Z-00-DX2.3DE72C59-AC76-4590-96AA-768D326C8AFD.svs,388.049351,TCGA-HB-A3YV,Giant cell sarcoma
118b4d76-0977-4baa-80a4-4e35bbd37ae6,TCGA-DX-AB2P-01Z-00-DX3.FE170E68-C643-4760-A76B-7E8F0231A475.svs,2015.707087,TCGA-DX-AB2P,Malignant fibrous histiocytoma
8e94c8d4-9b5f-4858-9ea4-574a60acc5e5,TCGA-DX-AB2P-01Z-00-DX4.F14E06C6-93F1-4CE6-85C0-4D384964E9F7.svs,1879.043659,TCGA-DX-AB2P,Malignant fibrous histiocytoma
c134b88f-7deb-4695-9208-577e1983b884,TCGA-WP-A9GB-01Z-00-DX1.CA4DE1BB-69C4-49F6-8ED8-3BB3030DDC1B.svs,1567.686999,TCGA-WP-A9GB,"Leiomyosarcoma, NOS"
3ffdbc90-f59c-437b-9077-e2576b458bfb,TCGA-X6-A7WC-01Z-00-DX4.25181176-A532-4611-9742-DD7C8DEE230C.svs,2409.054465,TCGA-X6-A7WC,"Leiomyosarcoma, NOS"
905fdd54-d9cf-44a4-b41c-7fd05481207c,TCGA-X6-A7WC-01Z-00-DX1.A1B72EE7-D7BD-4D23-A38F-39CC4E1C32A8.svs,2494.771065,TCGA-X6-A7WC,"Leiomyosarcoma, NOS"
d1ecfdad-416b-434d-987d-3485280c5bd3,TCGA-DX-A6YR-01Z-00-DX1.8329CE17-C02B-4C56-8D02-54F40D95D624.svs,4223.737758,TCGA-DX-A6YR,Fibromyxosarcoma
a88c5ce0-08b3-456d-970b-da151be37070,TCGA-DX-A6YR-01Z-00-DX3.EC99B31B-75AA-4365-B413-4731E830CCF7.svs,3603.236264,TCGA-DX-A6YR,Fibromyxosarcoma
608d1a4b-c570-416b-a400-43473fe9896e,TCGA-DX-A6YR-01Z-00-DX4.83CF6BA0-D578-4938-8E68-6458ED389F22.svs,3233.63203,TCGA-DX-A6YR,Fibromyxosarcoma
44b25566-562b-4f75-a781-ecc08a74e3e0,TCGA-DX-A6YR-01Z-00-DX5.BFFEB10D-5361-4265-A32D-198745B2A5E0.svs,3056.095024,TCGA-DX-A6YR,Fibromyxosarcoma
63501e12-e534-4b1f-9bc7-4fa931579907,TCGA-SG-A6Z4-01Z-00-DX1.9CB04160-3630-43B7-95AE-B50D5D6E35F5.svs,1909.450398,TCGA-SG-A6Z4,Undifferentiated sarcoma
636af44b-3bed-4c13-8626-95ce52ad5520,TCGA-MJ-A850-01Z-00-DX1.67DDD01B-0D67-4A0F-B535-B9A1E1BE65EA.svs,1817.124471,TCGA-MJ-A850,"Synovial sarcoma, spindle cell"
375b59d3-4f66-4fa9-bbcb-1cf8ef1de835,TCGA-DX-A6Z2-01Z-00-DX1.1B9B9A3E-B516-4B9B-9A4E-5BD3C837411E.svs,941.846183,TCGA-DX-A6Z2,"Leiomyosarcoma, NOS"
265325a3-a735-46a6-95f9-94c4395eeeed,TCGA-SG-A6Z7-01Z-00-DX1.1C500200-81CA-46DB-8D97-EC94247B8D83.svs,2567.539904,TCGA-SG-A6Z7,Dedifferentiated liposarcoma
25098b6a-c943-4ba8-896a-32654770f0e0,TCGA-MB-A5YA-01Z-00-DX1.96B9BF18-C17A-4E75-BAA8-C13F9F63CE0B.svs,95.507354,TCGA-MB-A5YA,"Leiomyosarcoma, NOS"
a801c23f-bc04-40dd-b5d1-91cf0e61d05f,TCGA-HS-A5N7-01Z-00-DX1.F5818EA5-366A-4D53-942E-2738C9E64BB1.svs,353.245578,TCGA-HS-A5N7,"Leiomyosarcoma, NOS"
a42231f5-ceb6-4e4d-8545-d2fe1b1ec85b,TCGA-3B-A9HY-01Z-00-DX1.90AFF486-3329-49DD-B7A1-0E8E40174297.svs,81.516968,TCGA-3B-A9HY,"Leiomyosarcoma, NOS"
eff4580f-e420-4192-9636-9d10c3b26d08,TCGA-DX-A8BG-01Z-00-DX4.E0AC399A-4F3B-482C-AD55-0E03CB980F1B.svs,1550.143309,TCGA-DX-A8BG,Fibromyxosarcoma
4e51815c-fe14-4d40-919b-b01f894d327f,TCGA-DX-A8BG-01Z-00-DX1.0AD241B5-4688-412D-B5BE-18889242A59B.svs,2131.039907,TCGA-DX-A8BG,Fibromyxosarcoma
917d79df-07dd-4db1-88d7-6da41dd3a28a,TCGA-DX-A8BG-01Z-00-DX2.EAE75F6B-E5E5-426E-9BEE-06EE0078CE8D.svs,1788.411455,TCGA-DX-A8BG,Fibromyxosarcoma
0f7c4e33-1c05-44ac-a45e-7a7b19b5fc14,TCGA-DX-A23Y-01Z-00-DX1.1D3F8195-645A-49D4-9044-4261FEFD7EF0.svs,1650.881295,TCGA-DX-A23Y,Dedifferentiated liposarcoma
e6d07630-3682-479f-96b4-0c13397b7585,TCGA-LI-A67I-01Z-00-DX5.5B9F364C-10F0-4437-B66C-468ABD2E6D3D.svs,1421.860565,TCGA-LI-A67I,Malignant fibrous histiocytoma
a28fa7ee-6bd3-4c7a-a199-03b3e14f7140,TCGA-LI-A67I-01Z-00-DX9.AFE2B0A2-D1C1-4146-88C3-33927783F042.svs,897.464473,TCGA-LI-A67I,Malignant fibrous histiocytoma
7fd57842-41d3-47f7-901c-07081a2e692f,TCGA-X6-A8C3-01Z-00-DX2.170C3196-E264-4185-8A01-DED345A5B26C.svs,2007.984017,TCGA-X6-A8C3,Fibromyxosarcoma
891ccca4-e001-45b9-a0fe-31010acf361c,TCGA-DX-A8BS-01Z-00-DX2.B7676622-1BC3-46F3-B412-B2DD296798DA.svs,2302.683543,TCGA-DX-A8BS,Undifferentiated sarcoma
ce2dfbb7-615c-4a6e-81fc-3735efbf35e5,TCGA-X6-A8C3-01Z-00-DX3.148A57F7-8DB5-4213-AA14-DD226427CD51.svs,1947.059385,TCGA-X6-A8C3,Fibromyxosarcoma
f649e6a4-0d24-45de-995d-21f7c085ea90,TCGA-X6-A8C3-01Z-00-DX4.83A681E3-0CC7-4119-9896-A0C71E114999.svs,2090.205981,TCGA-X6-A8C3,Fibromyxosarcoma
393f51b7-6fe5-416f-95d4-08f8682b2c8f,TCGA-WK-A8XT-01Z-00-DX5.445AE554-6484-4950-A4D2-46D89B2F8534.svs,1028.340907,TCGA-WK-A8XT,"Synovial sarcoma, spindle cell"
69963e6a-7453-4af8-9c5d-a74033546287,TCGA-X6-A8C5-01Z-00-DX2.59386AB0-F14B-448A-9CE7-9B2BF733F1AC.svs,2366.905231,TCGA-X6-A8C5,"Leiomyosarcoma, NOS"
0cf5877d-9074-4142-949d-ba15b400e2b1,TCGA-DX-A3LS-01Z-00-DX1.32E89F90-9C89-4EBE-9AD3-DF1D2457F6C8.svs,1439.678313,TCGA-DX-A3LS,Dedifferentiated liposarcoma
1c0b1efe-1671-4a4f-b079-fac7f6264a5a,TCGA-DX-AB2G-01Z-00-DX3.F55EEE13-A4AA-4E04-9F7F-09922ABEECF1.svs,2442.869593,TCGA-DX-AB2G,Dedifferentiated liposarcoma
caec5f52-9464-4a90-b4a2-896f46a29f14,TCGA-DX-A7ET-01Z-00-DX4.5D211800-1567-43B7-96E5-8A7072C3AEAE.svs,3252.979378,TCGA-DX-A7ET,"Adenocarcinoma, NOS"
4ab896ed-711a-401a-a703-295996ce8a90,TCGA-DX-A8BX-01Z-00-DX4.D3FCFD25-8B2C-43EB-98DC-DC55F4520DE1.svs,1395.659619,TCGA-DX-A8BX,Undifferentiated sarcoma
8693337a-39e1-4112-a8e5-1b712e07c130,TCGA-DX-A8BX-01Z-00-DX2.C670C5C9-8436-4CB7-9AE7-7563677449B1.svs,1885.207163,TCGA-DX-A8BX,Undifferentiated sarcoma
740b3349-6e3b-449f-b723-e3f89cb6236a,TCGA-DX-A7ET-01Z-00-DX1.D638B21F-7BA8-4BAF-A919-98332DC2BB97.svs,3429.802886,TCGA-DX-A7ET,"Adenocarcinoma, NOS"
9d56f4a9-9509-4e62-9361-f27a86922770,TCGA-DX-A3LY-01Z-00-DX1.9F133C2C-AFFA-4A13-AA2B-BB4824FFAD61.svs,1933.159159,TCGA-DX-A3LY,Dedifferentiated liposarcoma
71fb6212-2b74-463d-ad42-7cba2eae9c7d,TCGA-DX-A8BN-01Z-00-DX1.CE81F207-1A2E-4D8F-BA3C-B69A417E5F46.svs,2053.098054,TCGA-DX-A8BN,Undifferentiated sarcoma
c98a75fa-8dc4-42a7-bbd0-f35be8cc2f2f,TCGA-DX-AB30-01Z-00-DX1.A9944B8C-7CB0-4D98-A69F-C6A7953906C7.svs,1529.911949,TCGA-DX-AB30,Fibromyxosarcoma
f678794d-f55c-4478-a090-db778028de84,TCGA-DX-AB30-01Z-00-DX3.E4A96C02-1E83-434A-BE47-BAD19E226616.svs,1551.490987,TCGA-DX-AB30,Fibromyxosarcoma
d3086ef5-7c37-4227-9732-d1daa759bc33,TCGA-MB-A8JK-01Z-00-DX1.15EE305B-4B08-44E6-B043-01ABA8610255.svs,1023.573845,TCGA-MB-A8JK,Undifferentiated sarcoma
a55dbab3-3523-4274-9e00-f030a5311f8d,TCGA-IE-A6BZ-01Z-00-DX1.49A03D64-0632-47FA-8D86-AE02BBC4827E.svs,559.601205,TCGA-IE-A6BZ,Undifferentiated sarcoma
d954fdfb-a290-4835-a6b1-ed1522a532f3,TCGA-X6-A8C2-01Z-00-DX2.6F2D454E-9330-4182-93F7-2112B5BA9391.svs,1871.151923,TCGA-X6-A8C2,Undifferentiated sarcoma
055c36be-f1fa-4329-8183-c08849852aa7,TCGA-DX-A3U5-01Z-00-DX1.E786E6CE-C1C4-4F79-8304-C59BC9ADD0AD.svs,2055.961197,TCGA-DX-A3U5,Dedifferentiated liposarcoma
a5c608b5-2501-4d7f-bc4d-55edf9923d24,TCGA-K1-A42X-01Z-00-DX1.2DCF75BD-97A6-4A0F-B52D-D6A3D8A7D29A.svs,1560.224345,TCGA-K1-A42X,"Leiomyosarcoma, NOS"
5450fa90-6279-46fb-84bb-eee28dda6edd,TCGA-DX-AB2Z-01Z-00-DX1.733ED0F9-D892-4C26-8DE0-5209C8121F11.svs,1991.137361,TCGA-DX-AB2Z,Malignant fibrous histiocytoma
d6b7d683-af37-49b5-a8c3-b67d0bcb2466,TCGA-DX-AB2Z-01Z-00-DX2.36A7E602-B5A6-4EDA-BB0E-1ACFC52DC331.svs,1704.873415,TCGA-DX-AB2Z,Malignant fibrous histiocytoma
18bc7b86-8718-4649-99c5-8a272a59d902,TCGA-N1-A6IA-01Z-00-DX2.4B86FF72-9547-4C6C-8221-74DDFDABD579.svs,1543.528217,TCGA-N1-A6IA,"Leiomyosarcoma, NOS"
8fb7ca2b-4e1e-49c6-b0a9-36b4246de0e2,TCGA-DX-A6B8-01Z-00-DX1.1B49BDFB-8585-4494-9DC3-B3F10DEDF0FC.svs,1593.299273,TCGA-DX-A6B8,"Liposarcoma, NOS"
918e7a7b-34ed-4208-8b96-9ef3109a2c29,TCGA-DX-A8BQ-01Z-00-DX1.AFD8EE97-0604-43F3-98A5-88CC901B6DEC.svs,3510.85478,TCGA-DX-A8BQ,Malignant fibrous histiocytoma
b653d4f3-1c99-4e84-b352-9827850f9c59,TCGA-DX-A8BQ-01Z-00-DX3.EEF771EC-B5F6-493F-92ED-3BFD6E8F2B76.svs,2355.166778,TCGA-DX-A8BQ,Malignant fibrous histiocytoma
e706d4bc-2fab-4e68-a0b2-c8fcff9f3aea,TCGA-DX-AB3B-01Z-00-DX2.2BC397E2-2F44-4C2D-87C2-439A052C8B0F.svs,1604.343441,TCGA-DX-AB3B,"Synovial sarcoma, spindle cell"
94bbe3b1-2602-4b3d-a966-ab7627b5163c,TCGA-DX-AB2X-01Z-00-DX2.5F598819-376C-43EB-BDA9-1A8ABD103517.svs,3357.407871,TCGA-DX-AB2X,Undifferentiated sarcoma
52a289a7-26ff-4305-a119-140b6a41f489,TCGA-X6-A8C7-01Z-00-DX5.8C4E6818-B110-49DB-9C20-74B7B52DB97F.svs,1840.322533,TCGA-X6-A8C7,"Synovial sarcoma, biphasic"
96bfbfa4-a484-4fea-b995-e2901e3dbe04,TCGA-SI-AA8C-01Z-00-DX3.CE8C29A1-A914-4E48-8CDA-473401751430.svs,1118.423277,TCGA-SI-AA8C,Malignant peripheral nerve sheath tumor
bd09a30d-dc3f-426d-9fc9-94f989145b37,TCGA-DX-A6YS-01Z-00-DX2.47D4BBA4-3D2C-41F2-BD2C-3EEB0A8A83F6.svs,1600.743012,TCGA-DX-A6YS,Fibromyxosarcoma
e323d955-f93d-4192-a54d-40d52943dc1d,TCGA-3B-A9HU-01Z-00-DX1.86652A54-6BCD-4EB5-B8A4-10DDE057F706.svs,996.384344,TCGA-3B-A9HU,"Leiomyosarcoma, NOS"
cd5a3adb-5bc9-41f6-90ff-7d69df11f6cd,TCGA-DX-A7EM-01Z-00-DX1.4B49B2C6-6444-4394-98FB-0971D122E3F9.svs,1704.632395,TCGA-DX-A7EM,"Leiomyosarcoma, NOS"
1e26ece3-a582-4906-a3a1-2ff9d8a06544,TCGA-X6-A8C4-01Z-00-DX4.9F61DC74-C11E-4FD3-A2F7-A60104069B7E.svs,2623.369573,TCGA-X6-A8C4,Undifferentiated sarcoma
3326e3d6-cd4e-465a-9e11-49dbaf89aa40,TCGA-X6-A8C4-01Z-00-DX5.6D982397-7796-4752-A470-C9E4042446B5.svs,2564.659231,TCGA-X6-A8C4,Undifferentiated sarcoma
5969ab23-882e-49bc-8fc7-da613888c174,TCGA-DX-AB32-01Z-00-DX4.FD56178C-E9D3-40E6-BA86-60B05D0C4DD7.svs,1213.211261,TCGA-DX-AB32,Fibromyxosarcoma
a140c49b-611f-40b7-9509-7c4bd4de3d32,TCGA-SI-A71Q-01Z-00-DX5.0B286F1F-8219-4AAE-950E-EBEFA5AF68DF.svs,1484.407063,TCGA-SI-A71Q,Malignant peripheral nerve sheath tumor
6e301454-8135-49d1-9521-fda961878f13,TCGA-X6-A7W8-01Z-00-DX4.566AA38A-B2A3-4BE2-A404-927770DD1888.svs,1935.428635,TCGA-X6-A7W8,Fibromyxosarcoma
32ce2861-6055-4ab9-af83-b6d72a66b95a,TCGA-RN-A68Q-01Z-00-DX1.829BFAEC-2804-4176-9C28-4E436A1AED53.svs,866.665151,TCGA-RN-A68Q,Malignant peripheral nerve sheath tumor
8f8db91f-840d-42fe-a14d-d24b6ab89de6,TCGA-DX-A6Z0-01Z-00-DX2.0554E043-40F7-4DAA-B50C-5D97E9CCAED7.svs,1603.834323,TCGA-DX-A6Z0,Fibromyxosarcoma
367d8a36-6b8c-4af9-8b33-9591004d3e6c,TCGA-DX-A7EU-01Z-00-DX2.23020830-BC69-47DB-ACBE-069F02C56350.svs,3752.8943,TCGA-DX-A7EU,"Adenocarcinoma, NOS"
564b4353-90d0-4a37-bb59-b8d061704c33,TCGA-DX-A7EL-01Z-00-DX2.F6890FD6-2686-4DD0-8371-AFEFFF1A9340.svs,1965.718321,TCGA-DX-A7EL,"Leiomyosarcoma, NOS"
1cacd3c4-2f6a-4f58-a55c-9a02585146e5,TCGA-PC-A5DK-01Z-00-DX1.C2D3BC09-411F-46CF-811B-FDBA7C2A295B.svs,1103.048523,TCGA-PC-A5DK,"Leiomyosarcoma, NOS"
32ad44c5-7b4e-4738-bf98-15f811bca4d6,TCGA-X6-A7WD-01Z-00-DX5.A0779666-2E26-456C-B3B8-90A30097C379.svs,449.734771,TCGA-X6-A7WD,"Leiomyosarcoma, NOS"
1b791352-0db1-455d-afdf-8a504cdc7b56,TCGA-X6-A7WD-01Z-00-DX1.54559BF8-E64C-413C-B873-EF6683A4AB0C.svs,458.351665,TCGA-X6-A7WD,"Leiomyosarcoma, NOS"
82743d32-51ec-4deb-8cbd-65eb0078aec7,TCGA-X6-A7WD-01Z-00-DX2.37790492-072A-4392-8D7B-904286F6C805.svs,466.757405,TCGA-X6-A7WD,"Leiomyosarcoma, NOS"
e85d4b3c-433f-451e-9073-21ea4eaaedcb,TCGA-DX-A8BL-01Z-00-DX2.1836BD55-70E5-4A06-8D71-C6D7CE8E0BB9.svs,1633.335009,TCGA-DX-A8BL,Undifferentiated sarcoma
2c2f551c-424e-4a07-a6a8-b319347171e4,TCGA-KD-A5QS-01Z-00-DX1.1A3B135A-5DC8-4CE9-A793-365AD33A42E6.svs,1755.834907,TCGA-KD-A5QS,"Leiomyosarcoma, NOS"
a15a9e30-5f35-47f8-98a1-b7f416c9aec3,TCGA-DX-A1KU-01Z-00-DX1.3A094B6B-CF4D-4012-841A-3B888E09327D.svs,1913.843923,TCGA-DX-A1KU,Dedifferentiated liposarcoma
24e891ec-07e6-4c14-a61b-0f9eaefc0ee8,TCGA-DX-A6YT-01Z-00-DX2.3A24BEFA-FE76-4F22-9A5A-9809B505C83E.svs,1173.454037,TCGA-DX-A6YT,"Basal cell carcinoma, NOS"
256b222e-07bd-45a1-b36d-1815777b11d0,TCGA-DX-A3U7-01Z-00-DX1.FD7076CA-39BC-4330-B91C-6DF7F0751D57.svs,2889.406651,TCGA-DX-A3U7,"Leiomyosarcoma, NOS"
a37082e5-b0fd-4106-940d-9f7b51bb06dc,TCGA-WK-A8XO-01Z-00-DX4.891550F4-3BAF-4CF7-8DAE-E35248ECE69D.svs,2090.031547,TCGA-WK-A8XO,Dedifferentiated liposarcoma
e7a7989e-7087-450c-a8e5-3066678fc3ef,TCGA-DX-A6YX-01Z-00-DX2.D63501C1-A4BF-41A1-B771-294D6BD75DEF.svs,1255.132935,TCGA-DX-A6YX,Fibromyxosarcoma
87c6c57b-ab0d-4571-bed9-c700b2086384,TCGA-DX-A6YX-01Z-00-DX1.32C547D4-7AC9-4D71-80FA-E17DB55DAD9A.svs,1498.268229,TCGA-DX-A6YX,Fibromyxosarcoma
b965baf4-4f00-43c5-b4f8-829a23b249e2,TCGA-DX-AB2O-01Z-00-DX2.426278E4-E020-4020-9159-BEF8044888C9.svs,1955.570649,TCGA-DX-AB2O,Malignant fibrous histiocytoma
024505fb-2768-4447-a8b7-676d421b8b56,TCGA-DX-AB2O-01Z-00-DX5.059044F9-94BA-4317-8B96-1B5D9631D99C.svs,1982.213485,TCGA-DX-AB2O,Malignant fibrous histiocytoma
4cba05e2-6ba9-4062-a987-f11ecfae7443,TCGA-QQ-A5VB-01Z-00-DX1.58E41898-B3C3-49BD-84D0-5585565ED12A.svs,1745.838319,TCGA-QQ-A5VB,"Leiomyosarcoma, NOS"
a1382ac5-8b9c-4564-99e8-47d711ced2e1,TCGA-UE-A6QU-01Z-00-DX1.5951665E-5B8D-45A9-A2C1-548CFCA08D99.svs,2059.389141,TCGA-UE-A6QU,Pleomorphic liposarcoma
ee2d8619-ec6d-4193-ad5c-c7bab87ac038,TCGA-DX-AB37-01Z-00-DX3.AE53E163-C3F2-4BF1-8A2E-232842C590F1.svs,2182.289375,TCGA-DX-AB37,"Liposarcoma, well differentiated"
8a94baed-cba0-41ee-9ff7-c569937ee3e1,TCGA-IW-A3M6-01Z-00-DX1.0058B887-C6C7-4707-8978-41737B869642.svs,2406.138955,TCGA-IW-A3M6,"Intraductal carcinoma, noninfiltrating, NOS"
e8200219-6af1-44cc-b3b2-3a759a280400,TCGA-X6-A7WC-01Z-00-DX3.0AE0737F-F489-4669-8C04-FE05CFF80ABB.svs,2464.620915,TCGA-X6-A7WC,"Leiomyosarcoma, NOS"
4e54066b-5726-49b8-af2d-d80598a5bcef,TCGA-DX-A7EI-01Z-00-DX4.7AD7DC7F-0192-407B-B94D-83E398E88AF9.svs,2569.595069,TCGA-DX-A7EI,Dedifferentiated liposarcoma
b4c80cba-c2cd-4724-bb4d-461579b19f29,TCGA-DX-A7EI-01Z-00-DX2.7CAF2DEA-34A2-4841-94BE-C4B814D479CD.svs,2839.248225,TCGA-DX-A7EI,Dedifferentiated liposarcoma
8d6d5d83-c25e-4f5c-ad34-d78af27dd37e,TCGA-SI-A71P-01Z-00-DX3.84995B2A-A8EF-43E2-95E2-5543BF5AC3DF.svs,1063.169775,TCGA-SI-A71P,Malignant peripheral nerve sheath tumor
5412cd9b-b9fb-4666-918e-77cafb043e3f,TCGA-LI-A67I-01Z-00-DX7.1D2A8ED5-5342-4B2D-9076-B10353563393.svs,1012.879963,TCGA-LI-A67I,Malignant fibrous histiocytoma
abd2903a-539c-484c-ab1c-dc38323033c6,TCGA-DX-A6BH-01Z-00-DX1.354D106A-0029-40F6-B11E-1BBD0389A525.svs,1287.429661,TCGA-DX-A6BH,Dedifferentiated liposarcoma
4cb68aa7-b31e-4854-a4b9-384f796722e7,TCGA-LI-A67I-01Z-00-DX3.7A2BFD07-9025-4922-B648-7E3AA8310CB5.svs,1459.658449,TCGA-LI-A67I,Malignant fibrous histiocytoma
f08181b6-c727-4133-92d2-1da844ae74ac,TCGA-X6-A8C3-01Z-00-DX1.321AE33F-9551-45E2-BBAC-34F92FFC3ABD.svs,1959.662793,TCGA-X6-A8C3,Fibromyxosarcoma
f035399e-bc37-4572-b950-cd06a14becc9,TCGA-X6-A8C5-01Z-00-DX3.58A56EC2-1E86-4E83-8EFF-8D2EF5A66306.svs,2379.816067,TCGA-X6-A8C5,"Leiomyosarcoma, NOS"
2f6d17fe-f631-4b5a-aa42-d0951e60af25,TCGA-DX-A8BS-01Z-00-DX3.9EE167DD-F573-453C-9D60-FBC4C0A84734.svs,1630.962091,TCGA-DX-A8BS,Undifferentiated sarcoma
07a4ba74-4321-4691-b6ec-b692bfabc3b4,TCGA-WK-A8XT-01Z-00-DX3.80FF9CDB-2EDE-49E7-925D-E09490921CD5.svs,1078.025811,TCGA-WK-A8XT,"Synovial sarcoma, spindle cell"
47b81536-f675-4c03-a0f8-b3b6283d92ce,TCGA-3B-A9HI-01Z-00-DX1.FF553011-934A-4E3E-AA53-B87FC307E095.svs,1013.064826,TCGA-3B-A9HI,Dedifferentiated liposarcoma
f6e71dda-82af-4ec0-9d46-045559604e9d,TCGA-DX-A8BN-01Z-00-DX2.D4033E16-E60C-4AE9-87A1-8C3B15A0813D.svs,2003.146542,TCGA-DX-A8BN,Undifferentiated sarcoma
3537f24c-ff19-4e8c-a2b9-383dbded1f65,TCGA-DX-A8BN-01Z-00-DX3.D656E8D7-9245-4C6C-9F3B-D0DF2624F86F.svs,2017.81484,TCGA-DX-A8BN,Undifferentiated sarcoma
23eb17e2-86ef-4a7e-9d3e-953f6ffae613,TCGA-QQ-A8VF-01Z-00-DX1.708A1A71-F284-4FBE-A2A1-E4037788A9F8.svs,432.183259,TCGA-QQ-A8VF,"Leiomyosarcoma, NOS"
33ef26ba-d58f-449e-a07e-94cb0f7e0c40,TCGA-DX-A8BU-01Z-00-DX3.E1C699EA-E835-4131-B585-B6DD35F6776D.svs,663.527777,TCGA-DX-A8BU,Malignant fibrous histiocytoma
8557f110-30cd-4388-8eed-f9d9f3b4631e,TCGA-DX-A6BA-01Z-00-DX1.A309A540-52DB-457F-B6DD-FB7FD4F579AE.svs,2054.085135,TCGA-DX-A6BA,"Leiomyosarcoma, NOS"
32b30174-2ede-4fd4-a95b-e6fd169de4ac,TCGA-DX-A8BU-01Z-00-DX4.25EC8835-3E47-4298-92E6-A35130E7E936.svs,701.641599,TCGA-DX-A8BU,Malignant fibrous histiocytoma
bef09d17-1747-4ef2-8097-cd4724ba506b,TCGA-DX-A6BA-01Z-00-DX2.8C4003B2-56B9-4B51-A946-897B77C97EA6.svs,1467.197525,TCGA-DX-A6BA,"Leiomyosarcoma, NOS"
47145b1c-d3a4-4b7c-b53c-67186b9f426b,TCGA-HB-A3L4-01Z-00-DX1.454E21FC-E8D3-4856-AD6A-435409980F4A.svs,2240.780886,TCGA-HB-A3L4,"Leiomyosarcoma, NOS"
436caaab-c47c-45d2-82dd-14f82c8fbe96,TCGA-IF-A4AJ-01Z-00-DX2.55531AE5-D929-4405-991C-698CE5C80AF6.svs,615.299251,TCGA-IF-A4AJ,"Leiomyosarcoma, NOS"
81e781c0-8312-4a2c-bb53-b5d48e15344a,TCGA-IS-A3K7-01Z-00-DX1.E94D7920-91BD-417B-B359-E2B8FFC07D52.svs,752.7818,TCGA-IS-A3K7,"Leiomyosarcoma, NOS"
22537e5e-7a7c-40f6-ab89-6f0a15915f33,TCGA-Z4-A9VC-01Z-00-DX1.42D1CACE-2FFB-4CE4-B8D6-8C0D5BC3B3F2.svs,995.258429,TCGA-Z4-A9VC,Dedifferentiated liposarcoma
0edae32e-87ba-4189-80a9-18f7f04d89e6,TCGA-QQ-A5VA-01Z-00-DX1.64E25D9A-BB2A-44DA-9C58-08E1FCA8F29F.svs,2767.417355,TCGA-QQ-A5VA,Dedifferentiated liposarcoma
86fcb3cb-17d6-414b-8392-871deb1ae981,TCGA-DX-A3UF-01Z-00-DX1.E84EB151-9F42-43C3-B1FE-C8194BF4573E.svs,2328.502405,TCGA-DX-A3UF,"Leiomyosarcoma, NOS"
7b4d7a25-9a09-4460-b956-edb3633b57b6,TCGA-DX-A6YZ-01Z-00-DX3.95C22027-3D69-49C3-ABA4-F598F2BBEF12.svs,3485.587423,TCGA-DX-A6YZ,Fibromyxosarcoma
6301cc5d-9592-4a48-88e3-f90134a7552d,TCGA-DX-A6YZ-01Z-00-DX4.4879EF78-FF90-4ABC-BC3F-279EBB0750A4.svs,2454.444553,TCGA-DX-A6YZ,Fibromyxosarcoma
57f1df24-2e4b-4fb4-bb34-684c14eceb1f,TCGA-DX-A6YQ-01Z-00-DX1.BAC08BA0-0236-41CF-8F47-345D012C5E82.svs,2795.701852,TCGA-DX-A6YQ,Fibromyxosarcoma
d6f639d0-2935-4a6b-9d8b-8d753e266414,TCGA-DX-A6YQ-01Z-00-DX3.D9FA51C9-D198-4BE0-B065-51B15CA5E61E.svs,2718.307528,TCGA-DX-A6YQ,Fibromyxosarcoma
203ef1f3-0748-4f4c-93c3-a721e9fe0d02,TCGA-DX-AB2H-01Z-00-DX4.D7CB742A-A0B8-4454-A291-85F8D9A8C21E.svs,2385.738037,TCGA-DX-AB2H,"Liposarcoma, well differentiated"
8012aa7c-2346-41bd-a149-45ae44c68866,TCGA-DX-A2IZ-01Z-00-DX1.21447C40-8521-4E40-90C6-D1A937B64190.svs,1789.164811,TCGA-DX-A2IZ,Dedifferentiated liposarcoma
3437c378-76eb-4735-b2f0-822b747031b7,TCGA-DX-AB2H-01Z-00-DX2.6A7675DD-2EC1-4E07-ADB8-05F98E32658D.svs,1878.228873,TCGA-DX-AB2H,"Liposarcoma, well differentiated"
e5bd1849-3ca5-4992-8235-d2bf1dfe64a3,TCGA-DX-A3U6-01Z-00-DX1.ACF0D3DB-CB03-463D-B3BB-3F513A9E60C6.svs,1677.536543,TCGA-DX-A3U6,Dedifferentiated liposarcoma
42d22c74-0444-44ad-b9d8-8328a6a9ebfa,TCGA-DX-A6YV-01Z-00-DX5.589EBE88-2F93-4F46-8AC3-D5DD522A9860.svs,856.857829,TCGA-DX-A6YV,Fibromyxosarcoma
eb8f4873-98bf-43f0-82d9-55a69f500ddc,TCGA-DX-A7EO-01Z-00-DX1.21A01AC0-2E34-4AE2-9F08-57F222D80F92.svs,2134.788699,TCGA-DX-A7EO,"Synovial sarcoma, biphasic"
ed78b959-479d-4a05-9e34-eca05eade04f,TCGA-HB-A2OT-01Z-00-DX1.9927AAAE-13DA-4F6E-91E9-6293223B8BBD.svs,1412.961849,TCGA-HB-A2OT,Undifferentiated sarcoma
e28e1681-6fb2-499b-8ca1-824f772ad352,TCGA-DX-A3UD-01Z-00-DX1.1E1A1C66-E8EB-41B0-A02B-26B54D6EA962.svs,1815.286897,TCGA-DX-A3UD,"Leiomyosarcoma, NOS"
e760c8c4-bc94-46f3-ba8f-d1a48639d27d,TCGA-FX-A3RE-01Z-00-DX1.391893BE-03BE-4E52-96E2-1CE259ECB20D.svs,478.219386,TCGA-FX-A3RE,"Leiomyosarcoma, NOS"
5b15067b-0aa2-4005-9f7b-f4b8a5574cb1,TCGA-DX-A1L0-01Z-00-DX1.4FA1C23F-8118-4BE4-842A-C7B0C57C9876.svs,2164.858655,TCGA-DX-A1L0,Dedifferentiated liposarcoma
ad577bc8-e2eb-477e-88fc-61db0f49e6b7,TCGA-MJ-A68H-01Z-00-DX2.3F16F063-9D77-4BB5-AAF2-3113D64FE8E8.svs,2306.446549,TCGA-MJ-A68H,"Leiomyosarcoma, NOS"
c42ef5e8-cd5d-497f-a2a1-8d005b51d3b8,TCGA-WK-A8XQ-01Z-00-DX5.8854940D-4B20-4241-B9FD-4F7D1C109D8F.svs,1117.423217,TCGA-WK-A8XQ,Dedifferentiated liposarcoma
f034da56-3fb0-44b0-9f65-70b6b05e3809,TCGA-X6-A7WA-01Z-00-DX5.30939591-8A52-49F8-A2BD-29E1525D50E6.svs,1790.954489,TCGA-X6-A7WA,"Leiomyosarcoma, NOS"
66aa9052-824c-4123-b6e1-c47e6af17966,TCGA-MO-A47R-01Z-00-DX1.FE880F3A-3E87-4CDE-A31E-FE7D5CA2FA66.svs,759.399222,TCGA-MO-A47R,"Leiomyosarcoma, NOS"
312a2bb5-d267-460a-a284-29b343660f03,TCGA-DX-A8BK-01Z-00-DX5.D1BF0805-9855-4AD9-8EB9-027355809798.svs,1948.705685,TCGA-DX-A8BK,Undifferentiated sarcoma
66512557-40ea-4cf4-92cb-df176914d5df,TCGA-DX-A8BK-01Z-00-DX2.DE45A2BA-9FDD-43CE-BFA4-7759A10C60AE.svs,2104.419263,TCGA-DX-A8BK,Undifferentiated sarcoma
31f55a48-81ee-4c0f-87e7-4fc2e514bd2b,TCGA-X6-A8C2-01Z-00-DX5.CDF34EFE-A8C3-4694-B2E7-D00B8F26B0C3.svs,1730.202915,TCGA-X6-A8C2,Undifferentiated sarcoma
d61b43b5-3783-47a5-bf06-be8d112604e1,TCGA-DX-A1L4-01Z-00-DX1.771F338F-94D2-432F-A35D-6B72852BC245.svs,1318.175711,TCGA-DX-A1L4,Dedifferentiated liposarcoma
f2af8aa1-76d0-4615-9e28-3397502c1506,TCGA-PC-A5DL-01Z-00-DX1.7589A3A9-62CC-4136-86D4-E332F6C198A4.svs,2339.204583,TCGA-PC-A5DL,"Leiomyosarcoma, NOS"
c97e3d2d-6eb6-4101-96a4-3594571d8e53,TCGA-X6-A7WB-01Z-00-DX4.52F111E4-2DF2-4CFC-A771-FBCDADF0DCD2.svs,1643.507353,TCGA-X6-A7WB,"Leiomyosarcoma, NOS"
d3f14336-857b-4488-b40e-5482f9bbdead,TCGA-QQ-A5V9-01Z-00-DX1.27B08640-62D5-487E-AAAC-E66FB087246C.svs,3078.220789,TCGA-QQ-A5V9,Undifferentiated sarcoma
91155125-0d51-4529-a415-5016c8fe19e9,TCGA-DX-AB3C-01Z-00-DX2.CBA90EC0-A148-400F-9DFA-870F637E2958.svs,2606.586561,TCGA-DX-AB3C,"Synovial sarcoma, spindle cell"
2c06f07b-9005-4a02-bea1-611a16e3c2e5,TCGA-DX-AB3C-01Z-00-DX1.C4E951CF-588C-42F7-BDCB-8542198F3D8F.svs,2862.202505,TCGA-DX-AB3C,"Synovial sarcoma, spindle cell"
421fc69e-e280-4095-b746-f513f1577db9,TCGA-DX-A7EF-01Z-00-DX5.DDE4F914-29AF-429C-817D-2B10F04FC662.svs,1448.027455,TCGA-DX-A7EF,Undifferentiated sarcoma
61635f4e-9eec-4e74-94f1-9fc9dd9c0398,TCGA-DX-A8BM-01Z-00-DX2.ABF8B185-6096-4594-BC84-C16EBD2EA658.svs,1530.450117,TCGA-DX-A8BM,Undifferentiated sarcoma
9a7568d1-2af9-4e63-bc97-f62019cb168a,TCGA-DX-A8BM-01Z-00-DX1.8B8DAFF7-2EE0-4000-8304-29F9292E7878.svs,1050.142977,TCGA-DX-A8BM,Undifferentiated sarcoma
c8b95dcd-01aa-43fa-89f2-35d6ad7da8ea,TCGA-DX-AB2Z-01Z-00-DX4.8EB9A511-B9C2-4997-9BDB-A2D8C6FC08AC.svs,1544.630291,TCGA-DX-AB2Z,Malignant fibrous histiocytoma
68b01e8a-867b-414b-9880-229ff805e872,TCGA-N1-A6IA-01Z-00-DX1.142AF3BF-6CFF-4A3B-BCA6-186516FE4718.svs,2287.277639,TCGA-N1-A6IA,"Leiomyosarcoma, NOS"
14a4b3dd-d17f-4979-9f88-2d1cd5c3e3df,TCGA-DX-AB2X-01Z-00-DX3.249E66AA-6D82-43C4-B648-26DB0D694101.svs,1442.050601,TCGA-DX-AB2X,Undifferentiated sarcoma
7320ec24-7329-4c8f-9898-0610af6464de,TCGA-SI-A71O-01Z-00-DX2.3374FDCD-FB50-4A65-BF8F-3A04214C327E.svs,2325.338205,TCGA-SI-A71O,Malignant peripheral nerve sheath tumor
79583427-a08c-456c-a12b-02981b6b13b6,TCGA-SI-AA8C-01Z-00-DX1.BEE08745-ADFD-46CB-9145-691AF286250D.svs,1121.985503,TCGA-SI-AA8C,Malignant peripheral nerve sheath tumor
bd63cd51-4ca0-484b-b01d-da90b12ba9d4,TCGA-SI-AA8C-01Z-00-DX2.BD0020ED-4F05-477E-AC29-6C0DB4DF62C6.svs,1071.248313,TCGA-SI-AA8C,Malignant peripheral nerve sheath tumor
a9ecf173-dff9-4099-9bf3-1d9f790ee78c,TCGA-DX-A8BJ-01Z-00-DX1.289C2277-FC76-4A54-BE50-2AD0CEA75A26.svs,1320.079589,TCGA-DX-A8BJ,Malignant fibrous histiocytoma
aa5317f0-9183-4c64-9ccc-c69f19df9a5c,TCGA-SI-AA8C-01Z-00-DX5.758CE147-E8E1-4E2A-BF72-FD07FBB444E0.svs,983.426513,TCGA-SI-AA8C,Malignant peripheral nerve sheath tumor
f562cd11-2cb0-45c7-acca-7df9da6bf466,TCGA-DX-A3M1-01Z-00-DX1.89418A40-925B-49FA-8A6D-C67DF76DBD6F.svs,2199.007965,TCGA-DX-A3M1,Dedifferentiated liposarcoma
a0e6d944-33c9-41e9-b1d1-5f1db1b9c97f,TCGA-DX-A6YS-01Z-00-DX3.F3294366-F26A-4BA0-BF40-836E5E3D4AEE.svs,1947.57306,TCGA-DX-A6YS,Fibromyxosarcoma
2620cade-227a-4cae-a3a0-8099a6bb1544,TCGA-DX-A6B9-01Z-00-DX2.4B35F918-10FE-4CBF-A997-F21C229C98FF.svs,1904.387963,TCGA-DX-A6B9,"Leiomyosarcoma, NOS"
9e240724-33b5-4fac-b7c2-c01e9cb18b7c,TCGA-3B-A9I0-01Z-00-DX1.AE4FDD21-8DB7-4E8B-A6A9-7B4E86E011B0.svs,341.798844,TCGA-3B-A9I0,"Leiomyosarcoma, NOS"
8bbd8f25-63be-486a-b79b-09c7311db867,TCGA-DX-A6YS-01Z-00-DX4.4CB7C478-7162-4222-970D-542031FD60E2.svs,2500.3747,TCGA-DX-A6YS,Fibromyxosarcoma
7c50ca2b-b52d-48d1-8be1-41772c3dc9ac,TCGA-WK-A8XS-01Z-00-DX1.4F1D205B-9923-47E7-9C53-C2718F98FAB1.svs,1059.534287,TCGA-WK-A8XS,"Leiomyosarcoma, NOS"
4ec579d9-3fd7-4488-8730-46d9629a0958,TCGA-PC-A5DO-01Z-00-DX1.9C3629E6-12D2-428C-A2BA-B9EB312E82F6.svs,633.979803,TCGA-PC-A5DO,"Leiomyosarcoma, NOS"
8ee50cab-1d75-4a53-8295-fa14850561b4,TCGA-DX-AB32-01Z-00-DX5.F7AE0C03-F18A-4A5C-90D8-4AB15C308A7C.svs,1955.824429,TCGA-DX-AB32,Fibromyxosarcoma
bb7c8415-000f-405a-9138-a8fc7824a542,TCGA-DX-AB32-01Z-00-DX1.AF98D141-D9B7-4BD3-A169-B4371D0F989D.svs,1670.604415,TCGA-DX-AB32,Fibromyxosarcoma
6445fbd8-f459-44bc-80ab-d7fc34bf9513,TCGA-X6-A7W8-01Z-00-DX2.EDBAB4A6-BFF7-4A9F-9BB7-1F9C0176DD3B.svs,1960.625681,TCGA-X6-A7W8,Fibromyxosarcoma
1426ae76-7177-46b8-85f4-4095a6c35bdc,TCGA-SI-A71Q-01Z-00-DX2.2770C260-DFDB-456B-9875-CF93356F8767.svs,1491.239191,TCGA-SI-A71Q,Malignant peripheral nerve sheath tumor
cb799dfc-b566-4adf-8815-34087bf14be6,TCGA-MB-A5Y9-01Z-00-DX1.3DAB6683-9B0A-4DB2-9F58-4D31C04E0151.svs,137.72103,TCGA-MB-A5Y9,Undifferentiated sarcoma
3142ec95-9dc7-4d80-9826-263cd98eab3c,TCGA-QQ-A5V2-01Z-00-DX1.E26AA69F-E266-4C5F-AFAB-A203E28B4E28.svs,2954.016801,TCGA-QQ-A5V2,Malignant fibrous histiocytoma
8c288ec4-f0d2-42f1-89f4-0c628191c4fd,TCGA-DX-A7EU-01Z-00-DX3.B8C8378B-02C7-487A-9464-5D4EE51166A0.svs,2721.541758,TCGA-DX-A7EU,"Adenocarcinoma, NOS"
e32e64d1-e8da-4a2e-be48-a91ce67f8a1e,TCGA-DX-A7EU-01Z-00-DX5.946CD540-DD5F-4B1C-8A9A-C56D4C80E3F0.svs,4051.837184,TCGA-DX-A7EU,"Adenocarcinoma, NOS"
f37e0f1a-3641-49ba-a176-0d566d19351e,TCGA-DX-A7EL-01Z-00-DX1.1CB0324E-40D2-4F00-BFA3-99B9E972934D.svs,2180.390569,TCGA-DX-A7EL,"Leiomyosarcoma, NOS"
478a4f41-ea7e-4557-892b-7b10dc4f9baf,TCGA-RN-AAAQ-01Z-00-DX1.493F5285-F6E5-435F-902F-E384E4440C53.svs,1215.105695,TCGA-RN-AAAQ,Malignant peripheral nerve sheath tumor
ad46e7d0-c9fe-4adc-9684-798a8062e70a,TCGA-DX-A6BF-01Z-00-DX1.65A5BFB0-4D3A-466E-9E7C-B8E4C1E02FF5.svs,634.956717,TCGA-DX-A6BF,Dedifferentiated liposarcoma
